,Unnamed: 0.6,Unnamed: 0.5,Unnamed: 0.4,Unnamed: 0.3,Unnamed: 0.2,Unnamed: 0.1,to_freeze_name,market_cap_rank,Unnamed: 2,Unnamed: 0,name,american_progress_list,market_cap,price,cik_str,ticker,title_searchable,title_confirmed,just_tech_or_non_tech,tech_or_non_tech,ten_k_document_link,actual_full_ten_k_document_link,most_recent_tax_benefits_from_stock_based_compensation_over_net_income,most_recent_tax_benefits_from_stock_based_compensation,tax_benefits_from_stock_based_compensation_2023,tax_benefits_from_stock_based_compensation_2022,tax_benefits_from_stock_based_compensation_2021,tax_benefits_from_stock_based_compensation_2020,tax_benefits_note,most_recent_stock_or_share_based_compensation,most_recent_stock_or_share_based_compensation_expounded,stock_or_share_based_compensation_end_of_2023,stock_or_share_based_compensation_end_of_2022,stock_or_share_based_compensation_end_of_2021,stock_or_share_based_compensation_end_of_2020,stock_notes,most_recent_tax_rates_low_or_above_ten,most_recent_tax_rates_low_or_above_ten_expounded,most_recent_tax_rates,most_recent_tax_rates_before_google,most_recent_tax_rates_expounded,tax_rates_2023,tax_rates_2022,tax_rates_2021,tax_rates_2020,most_recent_net_income,most_recent_net_income_expounded,net_income_2023,net_income_2022,net_income_2021,net_income_2020,stock_based_compensation_as_a_portion_of_net_income,python_calc_stock_based_compensation_as_a_portion_of_net_income_pct,python_calc_most_recent_tax_benefits_from_stock_based_compensation_over_net_income_pct,python_calc_stock_based_compensation_as_a_portion_of_net_income_not_pct,actual_full_ten_k_document_link_collection,table_length,list_of_stock_based_values,first_stock_based_compensation,second_stock_based_compensation,third_stock_based_compensation
0,0,0,0,0,0,0,Apple,1,0,0,Apple,absent,$3.030 T,$191.33,320193,AAPL,Apple Inc.,apple inc. (aapl),tech,tech,https://www.sec.gov//Archives/edgar/data/320193/000032019322000108/0000320193-22-000108-index.htm,https://www.sec.gov//ix?doc=/Archives/edgar/data/320193/000032019322000108/aapl-20220924.htm,-4.0,-4002.0,,"-4,002","-4,056","-2,476",,9280.0,"9,280",,"9,280","8,108","6,975",,above_ten,above_ten,16.2,16.2,16.2,,16.2,13.3,14,99803.0,"99,803",,"99,803","94,680","57,411",9,9.298317685841107,-4.009899502018977,0.09298317685841107,https://www.sec.gov//ix?doc=/Archives/edgar/data/320193/000032019322000108/aapl-20220924.htm,42.0,"['Share-based compensation expense', '9,038', '', '', '7,906', '', '', '6,829', '']","9,038","7,906","6,829"
1,1,1,1,1,1,1,Microsoft,2,1,1,Microsoft,present,$2.533 T,$338.15,789019,MSFT,MICROSOFT CORP,,tech,tech,https://www.sec.gov//Archives/edgar/data/789019/000156459022026876/0001564590-22-026876-index.htm,https://www.sec.gov//ix?doc=/Archives/edgar/data/789019/000156459022026876/msft-10k_20220630.htm,2.0,1293.0,,"1,293","1,065",938,,7502.0,"7,502",,"7,502","6,118","5,289",,above_ten,above_ten,13.1,13.1,13.1,,13.1,13.8,17,72738.0,"72,738",,"72,738","61,271","44,281",10,10.31372872501306,1.7776128021116886,0.1031372872501306,,,,,,
2,2,2,2,2,2,2,Alphabet (Google),3,2,2,Alphabet (Google),absent,$1.553 T,$122.63,1652044,GOOG,Alphabet Inc.,,tech,tech,https://www.sec.gov//Archives/edgar/data/1652044/000165204423000016/0001652044-23-000016-index.htm,https://www.sec.gov//ix?doc=/Archives/edgar/data/1652044/000165204423000016/goog-20221231.htm,5.0,2700.0,,"2,700","3,100","3,900",,19362.0,"19,362",,"19,362","15,376","12,991",,above_ten,above_ten,15.9,15.9,15.9,,15.9,16.2,,59972.0,"59,972",,"59,972","76,033",,32,32.28506636430334,4.502100980457547,0.32285066364303344,https://www.sec.gov//ix?doc=/Archives/edgar/data/1652044/000165204423000016/goog-20221231.htm,50.0,"['Stock-based compensation expense', '12,991', '', '', '15,376', '', '', '19,362', '']","12,991","15,376","19,362"
3,3,3,3,3,3,3,Amazon,4,3,3,Amazon,present,$1.337 T,$130.38,1018724,AMZN,AMAZON COM INC,,tech,tech,https://www.sec.gov//Archives/edgar/data/1018724/000101872423000004/0001018724-23-000004-index.htm,https://www.sec.gov//ix?doc=/Archives/edgar/data/1018724/000101872423000004/amzn-20221231.htm,9.0,1900.0,,"1,900","2,700","4,300",,19621.0,"19,621",,"19,621",12757,9208,,,,6.0,6.0,unclear,,unclear,unclear,unclear,21331.0,"21,331",,"21,331","33,364","-2,722",92,91.98349819511509,8.9072242276499,0.9198349819511509,https://www.sec.gov//ix?doc=/Archives/edgar/data/1018724/000101872423000004/amzn-20221231.htm,38.0,"['Stock-based compensation', '9,208', '', '', '12,757', '', '', '19,621', '']","9,208","12,757","19,621"
4,4,4,4,4,4,4,NVIDIA,5,4,4,NVIDIA,absent,$1.045 T,$423.17,1045810,NVDA,NVIDIA CORP,,tech,tech,https://www.sec.gov//Archives/edgar/data/1045810/000104581023000017/0001045810-23-000017-index.htm,https://www.sec.gov//ix?doc=/Archives/edgar/data/1045810/000104581023000017/nvda-20230129.htm,-7.0,-309.0,-309.0,-337,-136,,,2709.0,2709,,"2,709","2,004","1,397",,,,1.9,1.9,"Furthermore, the tax effects of accounting for stock-based compensation and volatility in our stock price may significantly impact our effective tax rate in the period in which they occur. A decline in our stock price may result in reduced future tax benefits from stock-based compensation, increase our effective tax rate, and adversely affect our financial results.",,"Furthermore, the tax effects of accounting for stock-based compensation and volatility in our stock price may significantly impact our effective tax rate in the period in which they occur. A decline in our stock price may result in reduced future tax benefits from stock-based compensation, increase our effective tax rate, and adversely affect our financial results.",,,4368.0,"4,368","4,368","9,752","4,332",,62,62.01923076923077,-7.074175824175824,0.6201923076923077,https://www.sec.gov//ix?doc=/Archives/edgar/data/1045810/000104581023000017/nvda-20230129.htm,53.0,"['Stock-based compensation expense', '2,709', '', '', '2,004', '', '', '1,397', '']","2,709","2,004","1,397"
5,5,5,5,5,5,5,Tesla,6,5,5,Tesla,absent,$895.32 B,$282.48,1318605,TSLA,"Tesla, Inc.",,tech,tech,https://www.sec.gov//Archives/edgar/data/1318605/000095017023001409/0000950170-23-001409-index.htm,https://www.sec.gov//ix?doc=/Archives/edgar/data/1318605/000095017023001409/tsla-20221231.htm,,,,,,,Our income tax benefits recognized from stock-based compensation arrangements in each of the periods presented were immaterial due to cumulative losses and valuation allowances.,1560.0,"1,560",,"1,560","2,121","1,734",,low,low,8.0,8.0,8,,8,11,25,12587.0,"12,587",,"12,587","5,644",862,12,12.393739572574878,,0.12393739572574879,https://www.sec.gov//ix?doc=/Archives/edgar/data/1318605/000095017023001409/tsla-20221231.htm,55.0,"['Stock-based compensation', '', '', '1,560', '', '', '', '2,121', '', '', '', '1,734', '']","1,560","2,121","1,734"
6,6,6,6,6,6,6,Meta Platforms (Facebook),7,6,6,Meta Platforms (Facebook),absent,$756.63 B,$294.37,1326801,META,"Meta Platforms, Inc.",,tech,tech,https://www.sec.gov//Archives/edgar/data/1326801/000132680123000013/0001326801-23-000013-index.htm,https://www.sec.gov//ix?doc=/Archives/edgar/data/1326801/000132680123000013/meta-20221231.htm,9.0,2000.0,,2000,3080,"1,810",,11992.0,11992,,"11,992","9,164","6,536",,above_ten,above_ten,19.5,19.5,19.5,,19.5,16.7,12,23200.0,"23,200",,"23,200","39,370","29,146",52,51.689655172413794,8.620689655172415,0.516896551724138,https://www.sec.gov//ix?doc=/Archives/edgar/data/1326801/000132680123000013/meta-20221231.htm,51.0,"['Share-based compensation', '11,992', '', '', '9,164', '', '', '6,536', '']","11,992","9,164","6,536"
7,7,7,7,7,7,7,Berkshire Hathaway,8,7,7,Berkshire Hathaway,absent,$744.26 B,$341.56,1067983,BRK-B,BERKSHIRE HATHAWAY INC,,non_tech,non_tech,,https://www.sec.gov/ix?doc=/Archives/edgar/data/1067983/000095017023004451/brka-20221231.htm,,,,,,,,,unclear,,unclear,unclear,unclear,,above_ten,above_ten,27.9,27.9,27.9,,27.9,18.7,22,-22058.0,"-22,058",,"-22,058","90,807","43,253",,,,,,,,,,
8,8,8,8,8,8,8,Visa,9,8,8,Visa,absent,$500.46 B,$239.45,1403161,V,VISA INC.,,tech,tech,https://www.sec.gov//Archives/edgar/data/1403161/000140316122000081/0001403161-22-000081-index.htm,https://www.sec.gov//ix?doc=/Archives/edgar/data/1403161/000140316122000081/v-20220930.htm,1.0,82.0,,82,73,63,,602.0,602,,602,542,416,,above_ten,above_ten,18.0,18.0,18,,18,23,21,14957.0,"14,957",,"14,957","12,311","10,866",4,4.024871297720131,0.5482382830781574,0.04024871297720131,,,,,,
9,9,9,9,9,9,9,Eli Lilly,10,9,9,Eli Lilly,absent,$442.07 B,$465.70,59478,LLY,ELI LILLY & Co,,non_tech,non_tech,https://www.sec.gov//Archives/edgar/data/59478/000005947823000082/0000059478-23-000082-index.htm,https://www.sec.gov//ix?doc=/Archives/edgar/data/59478/000005947823000082/lly-20221231.htm,1.0,78.0,,78,72,65,,371.0,371,,371,343,308,,low,low,8.3,8.3,8.3,,8.3,9.3,,6244.8,"6,244.80",,"6,244.80","5,581.70","6,193.70",6,5.940942864463233,1.2490392006149116,0.059409428644632334,https://www.sec.gov//ix?doc=/Archives/edgar/data/59478/000005947823000082/lly-20221231.htm,46.0,"['Stock-based compensation expense', '', '371.1', '', '', '342.8', '', '', '308.1', '']",371.1,342.8,308.1
10,10,10,10,10,10,10,UnitedHealth,11,10,10,UnitedHealth,absent,$441.25 B,$471.22,731766,UNH,UNITEDHEALTH GROUP INC,,non_tech,non_tech,https://www.sec.gov//Archives/edgar/data/731766/000073176623000008/0000731766-23-000008-index.htm,https://www.sec.gov//ix?doc=/Archives/edgar/data/731766/000073176623000008/unh-20221231.htm,,,,207,173,208,Income tax benefit realized from share-based award exercises,925.0,925,,925,800,679,,,,21.7,,unclear,,21.7,20.5,24,20120.0,"20,120",,"20,120","17,285","15,403",5,4.59741550695825,,0.0459741550695825,https://www.sec.gov//ix?doc=/Archives/edgar/data/731766/000073176623000008/unh-20221231.htm,45.0,"['Share-based compensation', '', '925', '', '', '800', '', '', '679', '']",925,800,679
11,11,11,11,11,11,11,Exxon Mobil,12,11,11,Exxon Mobil,present,$432.23 B,$106.91,34088,XOM,EXXON MOBIL CORP,,non_tech,non_tech,,https://www.sec.gov/ix?doc=/Archives/edgar/data/34088/000003408823000020/xom-20221231.htm,0.0,52.0,,52,49,51,,648.0,648,,648,612,672,"The compensation cost charged against income for the restricted stock and restricted stock units was $648 million, $612 million, and $672 million for 2022, 2021, and 2020, respectively. ",above_ten,above_ten,33.0,33.0,33,,33,31,17,55740.0,"55,740",,"55,740","23,040","-22,440",1,1.16254036598493,0.0932902762827413,0.0116254036598493,,,,,,
12,12,12,12,12,12,12,Walmart,13,12,12,Walmart,absent,$425.76 B,$158.11,104169,WMT,Walmart Inc.,,non_tech,non_tech,https://www.sec.gov//Archives/edgar/data/104169/000010416923000020/0000104169-23-000020-index.htm,https://www.sec.gov//ix?doc=/Archives/edgar/data/104169/000010416923000020/wmt-20230131.htm,4.0,400.0,,400,300,300,,1578.0,"1,578",,"1,578","1,163","1,169",,above_ten,above_ten,33.6,33.6,33.6,,33.6,25.4,33,11292.0,"11,292","11,292","13,940",,,14,13.974495217853347,3.5423308537017357,0.13974495217853347,,,,,,
13,13,13,13,13,13,13,Johnson & Johnson,14,13,13,Johnson & Johnson,absent,$423.09 B,$162.81,200406,JNJ,JOHNSON & JOHNSON,,non_tech,non_tech,,https://www.sec.gov/ix?doc=/Archives/edgar/data/200406/000020040623000016/jnj-20230101.htm,0.0,-1.3,,-1.3,-1,-1.5,,1138.0,1138,,1138,1135,1005,,above_ten,above_ten,17.4,17.4,17.4,,17.4,8.3,11,17941.0,"17,941",,"17,941","20,878","14,714",6,6.343013209965999,-0.007245972911208962,0.06343013209966,,,,,,
14,14,14,14,14,14,14,JPMorgan Chase,15,14,14,JPMorgan Chase,present,$422.68 B,$144.64,19617,JPM,JPMORGAN CHASE & CO,,non_tech,non_tech,,,,,,,,,,,,,,,,,,,18.4,,,,18.4,18.9,18.7,,,,,,,,,,,,,,,,
15,15,15,15,15,15,15,Mastercard,16,15,15,Mastercard,absent,$373.43 B,$394.73,1141391,MA,Mastercard Inc,,tech,tech,https://www.sec.gov//Archives/edgar/data/1141391/000114139123000020/0001141391-23-000020-index.htm,https://www.sec.gov//ix?doc=/Archives/edgar/data/1141391/000114139123000020/ma-20221231.htm,,,,49,36,68,Income tax benefit realized related to Options exercised,295.0,295,,295,273,254,,above_ten,above_ten,15.7,15.7,15.7,,15.7,15.4,,35465.0,"35,465",,"35,465","15,625","-5,543",1,0.8318060059213309,,0.008318060059213308,,,,,,
16,16,16,16,16,16,16,Procter & Gamble,17,16,16,Procter & Gamble,absent,$358.82 B,$152.24,80424,PG,PROCTER & GAMBLE Co,,non_tech,non_tech,,https://www.sec.gov/ix?doc=/Archives/edgar/data/80424/000008042422000064/pg-20220630.htm,1.0,88.0,,88,102,97,,528.0,528,,528,540,558,,above_ten,above_ten,17.8,17.8,17.8,,17.8,18.5,17,14793.0,"14,793",,"14,793","14,352","13,103",4,3.5692557290610423,0.5948759548435071,0.035692557290610424,https://www.sec.gov/ix?doc=/Archives/edgar/data/80424/000008042422000064/pg-20220630.htm,41.0,"['Share-based compensation expense', '528', '', '', '540', '', '', '558', '']",528,540,558
17,17,17,17,17,17,17,Broadcom,18,17,17,Broadcom,absent,$355.67 B,$861.86,1730168,AVGO,Broadcom Inc.,,tech,tech,https://www.sec.gov//Archives/edgar/data/1730168/000173016822000118/0001730168-22-000118-index.htm,https://www.sec.gov//ix?doc=/Archives/edgar/data/1730168/000173016822000118/avgo-20221030.htm,2.0,255.0,,255,283,345,,1533.0,"1,533",,"1,533","1,704","1,976",,low,low,7.5,7.5,7.5,,7.5,0.4,-21,11495.0,"11,495",,"11,495","6,736","2,960",13,13.336233144845584,2.218355806872553,0.13336233144845586,,,,,,
18,18,18,18,18,18,18,Oracle,19,18,18,Oracle,absent,$314.74 B,$115.96,1341439,ORCL,ORACLE CORP,,tech,tech,,https://www.sec.gov/ix?doc=/Archives/edgar/data/0001341439/000095017023028914/orcl-20230531.htm,32.0,3547.0,,"2,745","2,020","1,424",,2613.0,"3,547","3,547",2613,1837,,,low,low,6.8,6.8,6.8,6.8,12.2,-5.7,,8503.0,"8,503",,"8,503","6,717","13,746",31,30.730330471598258,41.71468893331765,0.3073033047159826,,,,,,
19,19,19,19,19,19,19,Home Depot,20,19,19,Home Depot,absent,$313.09 B,$310.80,354950,HD,"HOME DEPOT, INC.",,non_tech,non_tech,https://www.sec.gov//Archives/edgar/data/354950/000035495023000059/0000354950-23-000059-index.htm,https://www.sec.gov//ix?doc=/Archives/edgar/data/354950/000035495023000059/hd-20230129.htm,0.0,-73.0,,-73,-86,-58,,367.0,367,,367,403,310,,above_ten,above_ten,23.9,23.9,23.9,,23.9,24.4,24,17105.0,"17,105",,"17,105","16,433","12,866",2,2.145571470330313,-0.4267757965507162,0.02145571470330313,https://www.sec.gov//ix?doc=/Archives/edgar/data/354950/000035495023000059/hd-20230129.htm,45.0,"['Stock-based compensation expense', '366', '', '', '399', '', '', '310', '']",366,399,310
20,20,20,20,20,20,20,Chevron,21,20,20,Chevron,present,$292.47 B,$156.31,93410,CVX,CHEVRON CORP,,,non_tech_unsure,,https://www.sec.gov/ix?doc=/Archives/edgar/data/93410/000009341023000009/cvx-20221231.htm,,,,"5,835","1,274",226,"Cash received in payment for option exercises under all share-based payment arrangements for 2022, 2021 and 2020 was $5,835, $1,274 and $226, respectively. Actual tax benefits realized for the tax deductions from option exercises were $216, $(15) and $8 for 2022, 2021 and 2020, respectively.",5838.0,5838,,5838,1421,226,,above_ten,above_ten,28.3,28.3,28.3,,28.3,27.5,25,35465.0,"35,465",,"35,465","15,625","-5,543",16,16.46129987311434,,0.16461299873114338,,,,,,
21,21,21,21,21,21,21,Merck,22,21,21,Merck,present,$291.18 B,$113.70,310158,MRK,"Merck & Co., Inc.",,tech,tech,https://www.sec.gov//Archives/edgar/data/310158/000162828023005061/0001628280-23-005061-index.htm,https://www.sec.gov//ix?doc=/Archives/edgar/data/310158/000162828023005061/mrk-20221231.htm,,78.0,,78,69,65,,541.0,541,,541,498,475,,above_ten,above_ten,11.7,11.7,11.7,,11.7,11,,,,,,,,,,,,https://www.sec.gov//ix?doc=/Archives/edgar/data/310158/000162828023005061/mrk-20221231.htm,55.0,"['Share-based compensation', '541', '', '', '479', '', '', '441', '']",541,479,441
22,22,22,22,22,22,22,Coca-Cola,23,22,22,Coca-Cola,present,$263.92 B,$61.03,21344,KO,COCA COLA CO,,non_tech,non_tech,https://www.sec.gov//Archives/edgar/data/21344/000002134423000011/0000021344-23-000011-index.htm,https://www.sec.gov//ix?doc=/Archives/edgar/data/21344/000002134423000011/ko-20221231.htm,1.0,55.0,,55,60,32,,361.0,361,,361,337,141,,above_ten,above_ten,18.1,18.1,18.1,,18.1,21.1,,9571.0,"9,571",,"9,571","9,804","7,768",4,3.7718106780900635,0.5746525963849127,0.03771810678090064,https://www.sec.gov//ix?doc=/Archives/edgar/data/21344/000002134423000011/ko-20221231.htm,39.0,"['Stock-based compensation expense', '356', '', '337', '', '126', '']",356,337,126
23,23,23,23,23,23,23,Pepsico,24,23,23,Pepsico,absent,$257.04 B,$186.58,77476,PEP,PEPSICO INC,,non_tech,non_tech,https://www.sec.gov//Archives/edgar/data/77476/000007747623000007/0000077476-23-000007-index.htm,https://www.sec.gov//ix?doc=/Archives/edgar/data/77476/000007747623000007/pep-20221231.htm,0.0,62.0,,62,57,48,,343.0,343,,343,301,264,,,,16.1,,unclear annual tax rate: 16.1         %                21.8         %,,16.1,21.8,20.9,14519.0,"14,519",,"14,519","13,049","7,067",2,2.362421654383911,0.42702665472828705,0.023624216543839106,https://www.sec.gov//ix?doc=/Archives/edgar/data/77476/000007747623000007/pep-20221231.htm,40.0,"['Share-based compensation expense', '343', '', '', '301', '', '', '264', '']",343,301,264
24,24,24,24,24,24,24,AbbVie,25,24,24,AbbVie,absent,$242.80 B,$137.62,1551152,ABBV,AbbVie Inc.,,non_tech,non_tech,https://www.sec.gov//Archives/edgar/data/1551152/000155115223000011/0001551152-23-000011-index.htm,https://www.sec.gov//ix?doc=/Archives/edgar/data/1551152/000155115223000011/abbv-20221231.htm,1.0,122.0,,122,126,131,,671.0,671,,671,692,753,pre-tax,above_ten,above_ten,12.1,12.1,12.1,,12.1,11.1,-36,11845.0,"11,845",,"11,845","11,549","4,622",6,5.664837484170536,1.0299704516673702,0.05664837484170536,,,,,,
25,25,25,25,25,25,25,Costco,26,25,25,Costco,absent,$239.80 B,$541.13,909832,COST,COSTCO WHOLESALE CORP /NEW,,non_tech,non_tech,https://www.sec.gov//Archives/edgar/data/909832/000090983222000021/0000909832-22-000021-index.htm,https://www.sec.gov//ix?doc=/Archives/edgar/data/909832/000090983222000021/cost-20220828.htm,3.0,154.0,,154,140,128,Less recognized income tax benefit,724.0,724,,724,665,619,,above_ten,above_ten,24.6,24.6,24.6,,24.6,24,24,5844.0,"5,844",,"5,844","5,007","4,002",12,12.388774811772759,2.6351813826146473,0.12388774811772758,https://www.sec.gov//ix?doc=/Archives/edgar/data/909832/000090983222000021/cost-20220828.htm,48.0,"['Stock-based compensation', '724', '', '', '665', '', '', '619', '']",724,665,619
26,26,26,26,26,26,26,Bank of America,27,26,26,Bank of America,present,$231.74 B,$29.08,70858,BAC,BANK OF AMERICA CORP /DE/,,non_tech,non_tech,https://www.sec.gov//Archives/edgar/data/70858/000007085823000092/0000070858-23-000092-index.htm,https://www.sec.gov//ix?doc=/Archives/edgar/data/70858/000007085823000092/bac-20221231.htm,3.0,697.0,,697,723,505,,2862.0,2862,,2862,2768,2031,,above_ten,above_ten,11.1,11.1,11.1,,11.1,5.9,,27528.0,"27,528",,"27,528","31,978","17,894",10,10.396687009590236,2.53196745132229,0.10396687009590236,,,,,,
27,27,27,27,27,27,27,Adobe,28,27,27,Adobe,absent,$223.50 B,$487.26,796343,ADBE,ADOBE INC.,,tech,tech,https://www.sec.gov//Archives/edgar/data/796343/000079634323000007/0000796343-23-000007-index.htm,https://www.sec.gov//Archives/edgar/data/796343/000079634323000007/adbe10kfy22unofficialpdfa.pdf,,,,pdf,pdf,pdf,,,pdf,,pdf,pdf,pdf,,,,20.84,,pdf,,20.84,15.48,,,pdf,,pdf,,,,,,,,,,,,
28,28,28,28,28,28,28,McDonald,29,28,28,McDonald,absent,$216.76 B,$296.90,63908,MCD,MCDONALDS CORP,,non_tech,non_tech,,https://www.sec.gov/ix?doc=/Archives/edgar/data/63908/000006390823000012/mcd-20221231.htm,,,,,,,,166.7,166.7,,166.7,139.2,92.4,,above_ten,above_ten,21.1,21.1,21.1,,21.1,17.3,,6177.0,"6,177",,"6,177","7,545","4,731",3,2.6987210620042092,,0.026987210620042088,https://www.sec.gov/ix?doc=/Archives/edgar/data/63908/000006390823000012/mcd-20221231.htm,43.0,"['Share-based compensation', '166.7', '', '', '139.2', '', '', '92.4', '']",166.7,139.2,92.4
29,29,29,29,29,29,29,Cisco,30,29,29,Cisco,absent,$209.90 B,$51.51,858877,CSCO,"CISCO SYSTEMS, INC.",,tech,tech,https://www.sec.gov//Archives/edgar/data/858877/000085887722000013/0000858877-22-000013-index.htm,https://www.sec.gov//ix?doc=/Archives/edgar/data/858877/000085887722000013/csco-20220730.htm,4.0,457.0,,457,387,452,,1886.0,"1,886",,"1,886","1,761","1,569",,above_ten,above_ten,18.4,18.4,18.4,,18.4,20.1,,11812.0,"11,812",,"11,812","10,591","11,214",16,15.966813410091433,3.868946833728412,0.15966813410091432,https://www.sec.gov//ix?doc=/Archives/edgar/data/858877/000085887722000013/csco-20220730.htm,50.0,"['Share-based compensation expense', '1,886', '', '', '1,761', '', '', '1,569', '']","1,886","1,761","1,569"
30,30,30,30,30,30,30,Salesforce,31,30,30,Salesforce,absent,$208.26 B,$213.82,1108524,CRM,"Salesforce, Inc.",,tech,tech,https://www.sec.gov//Archives/edgar/data/1108524/000110852423000011/0001108524-23-000011-index.htm,https://www.sec.gov//ix?doc=/Archives/edgar/data/1108524/000110852423000011/crm-20230131.htm,,,,,,,,3279.0,"3,279","3,279","2,779","2,190",,,above_ten,above_ten,68.0,68.0,68,68.0,6,,,208.0,208,208,"1,444","4,072",,"1,576",1576.4423076923076,,15.764423076923077,https://www.sec.gov//ix?doc=/Archives/edgar/data/1108524/000110852423000011/crm-20230131.htm,44.0,"['Stock-based compensation expense', '', '', '', '', '3,279', '', '', '2,779', '', '', '2,190', '']","3,279","2,779","2,190"
31,31,31,31,31,31,31,Pfizer,32,31,31,Pfizer,absent,$205.99 B,$36.46,78003,PFE,PFIZER INC,,non_tech,non_tech,,https://www.sec.gov/ix?doc=/Archives/edgar/data/78003/000007800323000024/pfe-20221231.htm,1.0,160.0,,160,227,141,,872.0,872,,872,1182,755,,,,9.58,,"(a)Items that reconcile GAAP Reported to non-GAAP Adjusted balances are shown pre-tax. Our effective tax rates for GAAP Reported income from continuing operations were: 9.6% in 2022, 7.6% in 2021 and 5.3% in 2020. See Note 5. Our effective tax rates for non-GAAP Adjusted income were: 11.7% in 2022, 14.5% in 2021 and 13.5% in 2020.",,9.58,7.62,6.36,31407.0,"31,407",,"31,407","22,025","9,195",3,2.776451109625243,0.509440570573439,0.02776451109625243,https://www.sec.gov/ix?doc=/Archives/edgar/data/78003/000007800323000024/pfe-20221231.htm,61.0,"['Share-based compensation expense', '', '872', '', '', '1,182', '', '', '755', '']",872,"1,182",755
32,32,32,32,32,32,32,Thermo Fisher Scientific,33,32,32,Thermo Fisher Scientific,absent,$200.80 B,$520.60,97745,TMO,THERMO FISHER SCIENTIFIC INC.,,tech,tech,https://www.sec.gov//Archives/edgar/data/97745/000009774523000008/0000097745-23-000008-index.htm,https://www.sec.gov//ix?doc=/Archives/edgar/data/97745/000009774523000008/tmo-20221231.htm,,,,,,,,307.0,307,,307,230,196,,,,8.97,,,,8.97,12.54,11.76,6960.0,"6,960",,"6,960","7,728","6,377",4,4.410919540229885,,0.04410919540229885,https://www.sec.gov//ix?doc=/Archives/edgar/data/97745/000009774523000008/tmo-20221231.htm,45.0,"['Stock-based compensation', '', '307', '', '', '230', '', '', '196', '']",307,230,196
33,33,33,33,33,33,33,Netflix,34,33,33,Netflix,absent,$198.22 B,$445.90,1065280,NFLX,NETFLIX INC,,tech,tech,https://www.sec.gov//Archives/edgar/data/1065280/000106528023000035/0001065280-23-000035-index.htm,https://www.sec.gov//ix?doc=/Archives/edgar/data/1065280/000106528023000035/nflx-20221231.htm,,,,,,,,575.452,575.452,,575.452,403.22,415.18,,above_ten,above_ten,15.0,15.0,15,,15,12,14,4492.0,"4,492",,"4,492","5,116","2,761",13,12.810596616206588,,0.1281059661620659,https://www.sec.gov//ix?doc=/Archives/edgar/data/1065280/000106528023000035/nflx-20221231.htm,43.0,"['Stock-based compensation expense', '', '575,452', '', '', '403,220', '', '', '415,180', '']","575,452","403,220","415,180"
34,34,34,34,34,34,34,Abbott Laboratories,35,34,34,Abbott Laboratories,absent,$189.84 B,$107.37,1800,ABT,ABBOTT LABORATORIES,,tech,tech,,https://www.sec.gov/ix?doc=/Archives/edgar/data/1800/000162828023004026/abt-20221231.htm,2.0,170.0,,170,267,200,"Total non-cash stock compensation expense charged against income from continuing operations in 2022, 2021 and 2020 for share-based plans totaled approximately $685 million, $640 million and $546 million, respectively, and the tax benefit recognized was approximately $170 million, $267 million and $200 million, respectively. Stock compensation cost capitalized as part of inventory is not significant.",-685.0,-685,,-685,-640,-546,,above_ten,above_ten,16.5,16.5,16.5,,16.5,13.9,10,6933.0,"6,933",,"6,933","7,071","4,495",-10,-9.880282705899322,2.452040963507861,-0.09880282705899322,https://www.sec.gov/ix?doc=/Archives/edgar/data/1800/000162828023004026/abt-20221231.htm,45.0,"['Share-based compensation', '685', '', '', '640', '', '', '546', '']",685,640,546
35,35,35,35,35,35,35,AMD,36,35,35,AMD,absent,$183.50 B,$113.95,750686,CAC,CAMDEN NATIONAL CORP,,non_tech,non_tech,https://www.sec.gov//Archives/edgar/data/750686/000075068623000033/0000750686-23-000033-index.htm,https://www.sec.gov//ix?doc=/Archives/edgar/data/750686/000075068623000033/cac-20221231.htm,,,,,,,,2.553,2.553,,2.553,2.381,1.785,,above_ten,above_ten,20.3,20.3,20.3,,20.3,20.3,20,61.0,61,,61,69,59,4,4.185245901639344,,0.041852459016393444,https://www.sec.gov//ix?doc=/Archives/edgar/data/750686/000075068623000033/cac-20221231.htm,65.0,"['Stock-based compensation expense', '', '2,553', '', '', '2,381', '', '', '1,785', '']","2,553","2,381","1,785"
36,36,36,36,36,36,36,Danaher,37,36,36,Danaher,absent,$175.16 B,$237.38,313616,DHR,DANAHER CORP /DE/,,tech,tech,https://www.sec.gov//Archives/edgar/data/313616/000031361623000087/0000313616-23-000087-index.htm,https://www.sec.gov//ix?doc=/Archives/edgar/data/313616/000031361623000087/dhr-20221231.htm,-1.0,-68.0,,-68,-44,-39,,195.0,195,,195,129,114,,above_ten,above_ten,13.1,13.1,13.1,,13.1,16.5,19,7209.0,"7,209",,"7,209","6,433","3,646",3,2.70495214315439,-0.9432653627410181,0.027049521431543905,https://www.sec.gov//ix?doc=/Archives/edgar/data/313616/000031361623000087/dhr-20221231.htm,58.0,"['Stock-based compensation expense', '336', '', '', '218', '', '', '187', '']",336,218,187
37,37,37,37,37,37,37,Comcast,38,37,37,Comcast,absent,$172.92 B,$41.48,1166691,CMCSA,COMCAST CORP,,tech,tech,,https://www.sec.gov/ix?doc=/Archives/edgar/data/1166691/000116669123000010/cmcsa-20221231.htm,,,,,,,,1336.0,1336,,1336,1315,1193,,above_ten,above_ten,47.0,47.0,47,,47,27.5,,4925.0,"4,925",,"4,925","13,833","10,701",27,27.126903553299492,,0.2712690355329949,https://www.sec.gov/ix?doc=/Archives/edgar/data/1166691/000116669123000010/cmcsa-20221231.htm,45.0,"['Share-based compensation', '1,336', '', '', '1,315', '', '', '1,193', '']","1,336","1,315","1,193"
38,38,38,38,38,38,38,T-Mobile US,39,38,38,T-Mobile US,absent,$167.45 B,$139.56,1283699,TMUS,"T-Mobile US, Inc.",,tech,tech,,https://www.sec.gov/ix?doc=/Archives/edgar/data/1283699/000128369923000016/tmus-20221231.htm,4.0,114.0,,114,100,132,,595.0,595,,595,540,694,,above_ten,above_ten,17.7,17.7,17.7,,17.7,9.8,,2590.0,"2,590",,"2,590","3,024","3,064",23,22.972972972972972,4.401544401544402,0.22972972972972974,https://www.sec.gov/ix?doc=/Archives/edgar/data/1283699/000128369923000016/tmus-20221231.htm,98.0,"['Stock-based compensation expense', '', '', '', '', '595', '', '', '540', '', '', '694', '']",595,540,694
39,39,39,39,39,39,39,Nike,40,39,39,Nike,present,$166.51 B,$107.10,320187,NKE,"NIKE, Inc.",,non_tech,non_tech,https://www.sec.gov//Archives/edgar/data/320187/000032018722000038/0000320187-22-000038-index.htm,https://www.sec.gov//ix?doc=/Archives/edgar/data/320187/000032018722000038/nke-20220531.htm,5.0,327.0,,327,297,207,,638.0,638,,638,611,429,,low,low,9.1,9.1,9.1,,9.1,14,12,6046.0,"6,046",,"6,046","5,727","2,539",11,10.55243135957658,5.408534568309626,0.10552431359576579,https://www.sec.gov//ix?doc=/Archives/edgar/data/320187/000032018722000038/nke-20220531.htm,43.0,"['Stock-based compensation', '638', '', '611', '', '429', '']",638,611,429
40,40,40,40,40,40,40,Walt Disney,41,40,40,Walt Disney,absent,$164.07 B,$89.79,1744489,DIS,Walt Disney Co,,non_tech,non_tech,,https://www.sec.gov/ix?doc=/Archives/edgar/data/1744489/000119312523014219/d431948d10ka.htm,,,,,,,,,unclear,,unclear,unclear,unclear,,,,32.77,,unclear,,32.77,0.98,unclear,,,,,,,,,,,,,,,,
41,41,41,41,41,41,41,Wells Fargo,42,41,41,Wells Fargo,absent,$163.14 B,$43.48,72971,WFC,WELLS FARGO & COMPANY/MN,,non_tech,non_tech,,https://www.sec.gov/ix?doc=/Archives/edgar/data/72971/000007297123000071/wfc-20221231.htm,,,,,,,,,unclear,,unclear,unclear,unclear,,,,16.52,,unclear,,16.52,20.35,17.19,,,,,,,,,,,,,,,,
42,42,42,42,42,42,97,Southern Company,98,97,97,Southern Company,absent,$78.15 B,$71.68,72971,WFC,WELLS FARGO & COMPANY/MN,,non_tech,non_tech,,https://www.sec.gov/ix?doc=/Archives/edgar/data/72971/000007297123000071/wfc-20221231.htm,,,,,,,,,unclear,,unclear,unclear,unclear,,,,,,unclear,,unclear,unclear,unclear,,unclear,,unclear,unclear,unclear,,,,,,,,,,
43,43,43,43,43,43,42,Texas Instruments,43,42,42,Texas Instruments,absent,$160.22 B,$176.53,97476,TXN,TEXAS INSTRUMENTS INC,,tech,tech,https://www.sec.gov//Archives/edgar/data/97476/000009747623000007/0000097476-23-000007-index.htm,https://www.sec.gov//ix?doc=/Archives/edgar/data/97476/000009747623000007/txn-20221231.htm,1.0,110.0,,110,175,195,,289.0,289,,289,230,224,,above_ten,above_ten,12.8,12.8,12.8,,12.8,12.9,7,8749.0,"8,749",,"8,749","7,769","5,595",3,3.303234655389187,1.2572865470339467,0.033032346553891874,,,,,,
44,44,44,44,44,44,43,Verizon,44,43,43,Verizon,present,$157.56 B,$37.48,732712,VZ,VERIZON COMMUNICATIONS INC,,tech,tech,https://www.sec.gov//Archives/edgar/data/732712/000073271223000012/0000732712-23-000012-index.htm,https://www.sec.gov//ix?doc=/Archives/edgar/data/732712/000073271223000012/vz-20221231.htm,,,,,,,,609.0,609,,609,625,780,"After-tax compensation expense for stock-based compensation related to RSUs and PSUs described above included in Net income attributable to Verizon was $609 million, $625 million and $780 million for 2022, 2021 and 2020, respectively.",,,23.07,,unclear,,23.07,12.95,18.26,21748.0,"21,748",,"21,748","22,618","18,348",3,2.8002574949420636,,0.028002574949420635,,,,,,
45,45,45,45,45,45,44,United Parcel Service,45,44,44,United Parcel Service,present,$154.57 B,$179.97,1090727,UPS,UNITED PARCEL SERVICE INC,,non_tech,non_tech,https://www.sec.gov//Archives/edgar/data/1090727/000109072723000006/0001090727-23-000006-index.htm,https://www.sec.gov//ix?doc=/Archives/edgar/data/1090727/000109072723000006/ups-20221231.htm,4.0,451.0,,451,301,210,,1568.0,"1,568",,"1,568",878,796,"Beginning in 2023, these matching contributions will be made in cash. The total expense recognized in our statements of consolidated income under all stock compensation programs during 2022, 2021 and 2020 was $1,568, $878 and $796 million, respectively.",above_ten,above_ten,22.1,22.1,22.1,,22.1,22.3,,11548.0,"11,548",,"11,548","12,890","1,343",14,13.578108763422238,3.905438171111881,0.13578108763422236,,,,,,
46,46,46,46,46,46,45,Nextera Energy,46,45,45,Nextera Energy,absent,$151.65 B,$74.95,753308,NEE,NEXTERA ENERGY INC,,tech,tech,https://www.sec.gov//Archives/edgar/data/753308/000075330823000019/0000753308-23-000019-index.htm,https://www.sec.gov//ix?doc=/Archives/edgar/data/37634/000075330823000019/nee-20221231.htm,1.0,20.0,,20,19,21,,,unclear,,unclear,unclear,unclear,,above_ten,above_ten,15.0,15.0,15,,15,11,,3246.0,"3,246",,"3,246","2,827","2,369",,,0.6161429451632778,,,,,,,
47,47,47,47,47,47,46,Philip Morris,47,46,46,Philip Morris,absent,$151.26 B,$97.45,1413329,PM,Philip Morris International Inc.,,non_tech,non_tech,https://www.sec.gov//Archives/edgar/data/1413329/000141332923000025/0001413329-23-000025-index.htm,https://www.sec.gov//ix?doc=/Archives/edgar/data/1413329/000141332923000025/pm-20221231.htm,,,,,,,,,unclear,,unclear,unclear,unclear,,above_ten,above_ten,19.3,19.3,19.3,,19.3,21.8,22,9527.0,"9,527",,"9,527","9,710","8,592",,,,,,,,,,
48,48,48,48,48,48,47,Raytheon Technologies,48,47,47,Raytheon Technologies,absent,$143.54 B,$98.24,101829,RTX,RAYTHEON TECHNOLOGIES CORP,,tech,tech,https://www.sec.gov//Archives/edgar/data/101829/000010182923000009/0000101829-23-000009-index.htm,https://www.sec.gov//ix?doc=/Archives/edgar/data/101829/000010182923000009/rtx-20221231.htm,2.0,91.0,,91,83,63,,420.0,420,,420,442,330,,above_ten,above_ten,11.6,11.6,11.6,,11.6,15.9,-24,5327.0,"5,327",,"5,327","4,145","-2,928",8,7.884362680683312,1.7082785808147174,0.07884362680683311,,,,,,
49,49,49,49,49,49,48,Morgan Stanley,49,48,48,Morgan Stanley,absent,$143.49 B,$85.92,895421,MS,MORGAN STANLEY,,non_tech,non_tech,,https://www.sec.gov/ix?doc=/Archives/edgar/data/895421/000089542123000284/ms-20221231.htm,8.0,427.0,,427,432,270,,1875.0,1875,,1875,2085,1312,,above_ten,above_ten,20.7,20.7,20.7,,20.7,23.1,23,5407.0,"5,407",,"5,407","9,068","7,111",35,34.67727020528944,7.897170334751248,0.3467727020528944,https://www.sec.gov/ix?doc=/Archives/edgar/data/895421/000089542123000284/ms-20221231.htm,54.0,"['Stock-based compensation expense', '1,875', '', '2,085', '', '1,312', '']","1,875","2,085","1,312"
50,50,50,50,50,50,49,Honeywell,50,49,49,Honeywell,absent,$137.41 B,$206.43,773840,HON,HONEYWELL INTERNATIONAL INC,,tech,tech,https://www.sec.gov//Archives/edgar/data/773840/000077384023000013/0000773840-23-000013-index.htm,https://www.sec.gov//ix?doc=/Archives/edgar/data/773840/000077384023000013/hon-20221231.htm,0.0,10.0,,10,11,10,,188.0,188,,188,217,168,,above_ten,above_ten,22.1,22.1,22.1,,22.1,22.5,19,4966.0,"4,966",,"4,966","5,542","4,779",4,3.7857430527587597,0.2013693113169553,0.037857430527587596,,,,,,
51,51,51,51,51,51,50,Bristol-Myers Squibb,51,50,50,Bristol-Myers Squibb,absent,$135.98 B,$64.73,14272,BMY,BRISTOL MYERS SQUIBB CO,,non_tech,non_tech,https://www.sec.gov//Archives/edgar/data/14272/000001427223000046/0000014272-23-000046-index.htm,https://www.sec.gov//ix?doc=/Archives/edgar/data/14272/000001427223000046/bmy-20221231.htm,1.0,91.0,,91,120,158,,457.0,457,,457,583,779,,above_ten,above_ten,17.7,17.7,17.7,,17.7,13.4,,6345.0,"6,345",,"6,345","7,014","-8,995",7,7.202521670606777,1.434200157604413,0.07202521670606778,https://www.sec.gov//ix?doc=/Archives/edgar/data/14272/000001427223000046/bmy-20221231.htm,45.0,"['Stock-based compensation', '457', '', '', '583', '', '', '779', '']",457,583,779
52,52,52,52,52,52,51,Intel,52,51,51,Intel,absent,$135.59 B,$32.51,50863,INTC,INTEL CORP,,tech,tech,https://www.sec.gov//Archives/edgar/data/50863/000005086323000006/0000050863-23-000006-index.htm,https://www.sec.gov//ix?doc=/Archives/edgar/data/50863/000005086323000006/intc-20221231.htm,6.0,478.0,,478,377,380,,3128.0,"3,128",,"3,128","2,036","1,854",,low,low,-3.2,-3.2,-3.2,,-3.2,8.5,17,8017.0,"8,017",,"8,017","19,868","20,899",39,39.0170886865411,5.962330048646626,0.390170886865411,https://www.sec.gov//ix?doc=/Archives/edgar/data/50863/000005086323000006/intc-20221231.htm,73.0,"['Share-based compensation', '', '3,128', '', '', '2,036', '', '', '1,854', '']","3,128","2,036","1,854"
53,53,53,53,53,53,52,Lowe's Companies,53,52,52,Lowe's Companies,absent,$132.13 B,$225.49,1047716,LTMAY,LATAM AIRLINES GROUP S.A.,,non_tech,non_tech,,None?,,,,,,,,,,,,,,,,,,,,,,,,,,,,,,,,,,,,,,,
54,54,54,54,54,54,60,Union Pacific Corporation,61,60,60,Union Pacific Corporation,absent,$124.32 B,$203.91,1512544,ITTOY,ITOCHU Techno-Solutions Corporation/ADR,,tech,tech,,None?,,,,,,,,,,,,,,,,,,,,,,,,,,,,,,,,,,,,,,,
55,55,55,55,55,55,53,American Express,54,53,53,American Express,absent,$130.49 B,$175.57,4962,AXP,AMERICAN EXPRESS CO,,tech,tech,,https://www.sec.gov/ix?doc=/Archives/edgar/data/0000004962/000000496223000006/axp-20221231.htm,1.0,90.0,,90,78,59,,373.0,373,,373,326,247,,above_ten,above_ten,21.6,21.6,21.6,,21.6,24.6,27,7514.0,"7,514",,"7,514","8,060","3,135",5,4.964067074793719,1.1977641735427202,0.04964067074793718,https://www.sec.gov/ix?doc=/Archives/edgar/data/0000004962/000000496223000006/axp-20221231.htm,40.0,"['Stock-based compensation', '', '375', '', '', '330', '', '', '249', '']",375,330,249
56,56,56,56,56,56,54,QUALCOMM,55,54,54,QUALCOMM,absent,$130.48 B,$117.13,804328,QCOM,QUALCOMM INC/DE,,tech,tech,https://www.sec.gov//Archives/edgar/data/804328/000080432822000021/0000804328-22-000021-index.htm,https://www.sec.gov//ix?doc=/Archives/edgar/data/804328/000080432822000021/qcom-20220925.htm,4.0,489.0,,489,435,238,,-489.0,-489,,-489,-435,-238,,above_ten,above_ten,13.0,13.0,13,,13,12,,12936.0,"12,936",,"12,936","9,043","5,198",-4,-3.7801484230055657,3.7801484230055657,-0.03780148423005566,,,,,,
57,57,57,57,57,57,55,Boeing,56,55,55,Boeing,absent,$128.47 B,$213.31,12927,BA,BOEING CO,,,non_tech_unsure,https://www.sec.gov//Archives/edgar/data/12927/000001292723000007/0000012927-23-000007-index.htm,https://www.sec.gov//ix?doc=/Archives/edgar/data/12927/000001292723000007/ba-20221231.htm,-4.0,178.0,,178,148,53,,725.0,725,,725,833,250,,low,low,-0.6,-0.6,-0.6,,-0.6,14.8,18,-5053.0,"-5,053",,"-5,053","-4,290","-11,941",-14,-14.347912131407085,-3.5226598060558083,-0.14347912131407084,,,,,,
58,58,58,58,58,58,56,Intuit,57,56,56,Intuit,absent,$128.22 B,$457.84,896878,INTU,INTUIT INC.,,tech,tech,https://www.sec.gov//Archives/edgar/data/896878/000089687822000028/0000896878-22-000028-index.htm,https://www.sec.gov//ix?doc=/Archives/edgar/data/896878/000089687822000028/intu-20220731.htm,19.0,396.0,,396,269,173,,1308.0,1308,,1308,753,435,,above_ten,above_ten,19.0,19.0,19,,19,19,,2066.0,"2,066",,"2,066","2,062","1,826",63,63.310745401742494,19.167473378509197,0.633107454017425,,,,,,
59,59,59,59,59,59,57,S&P Global,58,57,57,S&P Global,absent,$128.19 B,$399.60,64040,SPGI,S&P Global Inc.,,tech,tech,https://www.sec.gov//Archives/edgar/data/64040/000006404023000058/0000064040-23-000058-index.htm,https://www.sec.gov//ix?doc=/Archives/edgar/data/64040/000006404023000058/spgi-20221231.htm,1.0,38.0,,38,20,15,,214.0,214,,214,122,90,,above_ten,above_ten,25.1,25.1,25.1,,25.1,21.6,22,3522.0,"3,522",,"3,522","3,263","2,534",6,6.076093128904032,1.0789324247586598,0.06076093128904032,https://www.sec.gov//ix?doc=/Archives/edgar/data/64040/000006404023000058/spgi-20221231.htm,64.0,"['Stock-based compensation', '214', '', '', '122', '', '', '90', '']",214,122,90
60,60,60,60,60,60,58,Caterpillar,59,58,58,Caterpillar,absent,$126.41 B,$244.83,18230,CAT,CATERPILLAR INC,,,non_tech_unsure,,https://www.sec.gov/ix?doc=/Archives/edgar/data/18230/000001823023000011/cat-20221231.htm,,32.0,,32,23,34,,-193.0,-193,,-193,-199,-202,,above_ten,above_ten,23.2,23.2,23.2,,23.2,22.9,,,unclear,,unclear,unclear,unclear,,,,,,,,,,
61,61,61,61,61,61,59,ConocoPhillips,60,59,59,ConocoPhillips,absent,$125.87 B,$104.02,1163165,COP,CONOCOPHILLIPS,,,non_tech_unsure,,https://www.sec.gov/ix?doc=/Archives/edgar/data/1163165/000116316523000006/cop-20221231.htm,1.0,95.0,,95,76,40,,377.0,377,,377,304,159,,,,,,unclear,,unclear,unclear,unclear,18680.0,"18,680",,"18,680","8,079","-2,701",2,2.018201284796574,0.5085653104925053,0.02018201284796574,,,,,,
62,62,62,62,62,62,61,IBM,62,61,61,IBM,absent,$121.89 B,$134.24,51143,IBM,INTERNATIONAL BUSINESS MACHINES CORP,,tech,tech,https://www.sec.gov//Archives/edgar/data/51143/000155837023002376/0001558370-23-002376-index.htm,https://www.sec.gov//ix?doc=/Archives/edgar/data/51143/000155837023002376/ibm-20221231x10k.htm,,,,,,,,,unclear,,unclear,unclear,unclear,,,,,,unclear,,unclear,unclear,unclear,,unclear,,unclear,unclear,unclear,,,,,,,,,,
63,63,63,63,63,63,62,Amgen,63,62,62,Amgen,absent,$120.69 B,$225.88,318154,AMGN,AMGEN INC,,tech,tech,https://www.sec.gov//Archives/edgar/data/318154/000031815423000017/0000318154-23-000017-index.htm,https://www.sec.gov//ix?doc=/Archives/edgar/data/318154/000031815423000017/amgn-20221231.htm,1.0,86.0,,86,74,72,,401.0,401,,401,341,330,,above_ten,above_ten,10.8,10.8,10.8,,10.8,12.1,11,6552.0,"6,552",,"6,552","5,893","7,264",6,6.12026862026862,1.3125763125763126,0.0612026862026862,https://www.sec.gov//ix?doc=/Archives/edgar/data/318154/000031815423000017/amgn-20221231.htm,42.0,"['Stock-based compensation expense', '401', '', '', '341', '', '', '330', '']",401,341,330
64,64,64,64,64,64,63,Applied Materials,64,63,63,Applied Materials,absent,$119.46 B,$142.26,6951,AMAT,APPLIED MATERIALS INC /DE,,tech,tech,https://www.sec.gov//Archives/edgar/data/6951/000000695122000043/0000006951-22-000043-index.htm,https://www.sec.gov//ix?doc=/Archives/edgar/data/6951/000000695122000043/amat-20221030.htm,1.0,51.0,,51,43,39,,413.0,413,,413,346,307,,,,,,unclear,,unclear,unclear,unclear,6525.0,"6,525",,"6,525","5,888","3,619",6,6.329501915708812,0.7816091954022989,0.06329501915708813,https://www.sec.gov//ix?doc=/Archives/edgar/data/6951/000000695122000043/amat-20221030.htm,56.0,"['Share-based compensation', '413', '', '', '346', '', '', '307', '']",413,346,307
65,65,65,65,65,65,64,Deere & Company,65,64,64,Deere & Company,absent,$118.64 B,$404.66,315189,DE,DEERE & CO,,,non_tech_unsure,https://www.sec.gov//Archives/edgar/data/315189/000155837022018703/0001558370-22-018703-index.htm,https://www.sec.gov//ix?doc=/Archives/edgar/data/315189/000155837022018703/de-20221030x10k.htm,0.0,17.0,,17,16,19,,85.0,85,,85,82,81,,,,,,unclear,,unclear,unclear,unclear,7130.0,"7,130",,"7,130","5,965","2,753",1,1.1921458625525947,0.23842917251051893,0.011921458625525946,,,,,,
66,66,66,66,66,66,65,General Electric,66,65,65,General Electric,absent,$118.45 B,$108.65,40545,GE,GENERAL ELECTRIC CO,,tech,tech,https://www.sec.gov//Archives/edgar/data/40545/000004054523000023/0000040545-23-000023-index.htm,https://www.sec.gov//ix?doc=/Archives/edgar/data/40545/000004054523000023/ge-20221231.htm,,,,,,,,362.0,362,,362,429,429,,above_ten,above_ten,33.7,33.7,33.7,,33.7,7.8,-8.2,249.0,249,,249,-123,327,145,145.38152610441767,,1.4538152610441768,,,,,,
67,67,67,67,67,67,66,Lockheed Martin,67,66,66,Lockheed Martin,absent,$117.19 B,$462.76,936468,LMT,LOCKHEED MARTIN CORP,,tech,tech,https://www.sec.gov//Archives/edgar/data/936468/000093646823000009/0000936468-23-000009-index.htm,https://www.sec.gov//ix?doc=/Archives/edgar/data/936468/000093646823000009/lmt-20221231.htm,2.0,124.0,,124,67,63,,238.0,238,,238,227,221,,above_ten,above_ten,14.2,14.2,14.2,,14.2,16.4,,5732.0,"5,732",,"5,732","6,315","6,833",4,4.152128401953942,2.1632937892533146,0.04152128401953943,https://www.sec.gov//ix?doc=/Archives/edgar/data/936468/000093646823000009/lmt-20221231.htm,37.0,"['Stock-based compensation', '', '238', '', '', '227', '', '', '221', '']",238,227,221
68,68,68,68,68,68,67,Intuitive Surgical,68,67,67,Intuitive Surgical,absent,$116.99 B,$333.89,1035267,ISRG,INTUITIVE SURGICAL INC,,tech,tech,https://www.sec.gov//Archives/edgar/data/1035267/000103526723000019/0001035267-23-000019-index.htm,https://www.sec.gov//ix?doc=/Archives/edgar/data/1035267/000103526723000019/isrg-20221231.htm,,,,,,,,513.2,513.2,,513.2,449.2,395.4,,above_ten,above_ten,16.3,16.3,16.3,,16.3,8.6,,1344.4,"1,344.40",,"1,344.40","1,728.10","1,066.80",38,38.17316274918179,,0.38173162749181794,https://www.sec.gov//ix?doc=/Archives/edgar/data/1035267/000103526723000019/isrg-20221231.htm,40.0,"['Share-based compensation expense', '513.2', '', '', '449.2', '', '', '395.4', '']",513.2,449.2,395.4
69,69,69,69,69,69,68,ServiceNow,69,68,68,ServiceNow,absent,$115.26 B,$565.76,1373715,NOW,"ServiceNow, Inc.",,tech,tech,https://www.sec.gov//Archives/edgar/data/1373715/000137371523000035/0001373715-23-000035-index.htm,https://www.sec.gov//ix?doc=/Archives/edgar/data/1373715/000137371523000035/now-20221231.htm,,,,,,,,1401.0,1401,,1401,1131,870,,above_ten,above_ten,19.0,19.0,19,,19,8,,325.0,325,,325,230,119,431,431.0769230769231,,4.310769230769231,https://www.sec.gov//ix?doc=/Archives/edgar/data/1373715/000137371523000035/now-20221231.htm,73.0,"['Stock-based compensation', '1,401', '', '', '1,131', '', '', '870', '']","1,401","1,131",870
70,70,70,70,70,70,69,AT&T,70,69,69,AT&T,present,$114.88 B,$16.07,732717,T,AT&T INC.,,tech,tech,,https://www.sec.gov/ix?doc=/Archives/edgar/data/732717/000073271723000011/t-20221231.htm,-2.0,127.0,,127,110,104,,-162.0,-162,,-162,13,18,,low,low,-122.2,-122.2,-122.2,,-122.2,18.5,-330,-7055.0,"-7,055",,"-7,055","21,479","-3,821",2,2.296243798724309,-1.8001417434443656,0.02296243798724309,,,,,,
71,71,71,71,71,71,70,Prologis,71,70,70,Prologis,absent,$114.50 B,$123.99,1045609,PLD,"Prologis, Inc.",,tech,tech,https://www.sec.gov//Archives/edgar/data/1045609/000156459023001902/0001564590-23-001902-index.htm,https://www.sec.gov//ix?doc=/Archives/edgar/data/1045609/000156459023001902/pld-10k_20221231.htm,,,,,,,,,unclear,,,,,,,,,,unclear,,unclear,unclear,unclear,3555.0,"3,555",,"3,555","3,149","1,617",,,,,,,,,,
72,72,72,72,72,72,71,Stryker Corporation,72,71,71,Stryker Corporation,absent,$112.88 B,$297.37,310764,SYK,STRYKER CORP,,tech,tech,https://www.sec.gov//Archives/edgar/data/310764/000031076423000017/0000310764-23-000017-index.htm,https://www.sec.gov//ix?doc=/Archives/edgar/data/310764/000031076423000017/syk-20221231.htm,,,,,,,,168.0,168,,168,171,142,,above_ten,above_ten,12.1,12.1,12.1,,12.1,12.6,18,2358.0,"2,358",,"2,358","1,994","1,599",7,7.124681933842239,,0.07124681933842239,https://www.sec.gov//ix?doc=/Archives/edgar/data/310764/000031076423000017/syk-20221231.htm,48.0,"['Share-based compensation', '168', '', '', '171', '', '', '142', '']",168,171,142
73,73,73,73,73,73,72,Starbucks,73,72,72,Starbucks,absent,$112.87 B,$98.46,829224,SBUX,STARBUCKS CORP,,non_tech,non_tech,,https://www.sec.gov/ix?doc=/Archives/edgar/data/829224/000082922422000058/sbux-20221002.htm,1.0,45.9,,45.9,51.6,47.8,,271.5,271.5,,271.5,319.1,248.6,,above_ten,above_ten,22.4,22.4,22.4,,22.4,21.6,,3283.4,"3,283.40",,"3,283.40","4,200.30",925,8,8.268867637205336,1.3979411585551562,0.08268867637205336,https://www.sec.gov/ix?doc=/Archives/edgar/data/829224/000082922422000058/sbux-20221002.htm,61.0,"['Stock-based compensation', '271.5', '', '', '319.1', '', '', '248.6', '']",271.5,319.1,248.6
74,74,74,74,74,74,73,Goldman Sachs,74,73,73,Goldman Sachs,absent,$106.39 B,$320.05,886982,GS,GOLDMAN SACHS GROUP INC,,non_tech,non_tech,,https://www.sec.gov/ix?doc=/Archives/edgar/data/886982/000088698223000003/gs-20221231.htm,0.0,,,,,,,4083.0,4083,,4083,2348,1920,,above_ten,above_ten,16.5,16.5,16.5,,16.5,20,24,11261.0,"11,261",,"11,261","21,635","9,459",36,36.25788118284344,,0.36257881182843443,,,,,,
75,75,75,75,75,75,74,Elevance Health,75,74,74,Elevance Health,absent,$105.02 B,$443.03,1156039,ELV,"Elevance Health, Inc.",,non_tech,non_tech,,https://www.sec.gov/ix?doc=/Archives/edgar/data/1156039/000115603923000007/elv-20221231.htm,1.0,66.0,,66,65,74,,264.0,264,,264,255,283,,above_ten,above_ten,22.5,22.5,22.5,,22.5,23.1,27,6019.0,"6,019",,"6,019","6,095","4,572",4,4.38611064960957,1.0965276624023925,0.043861106496095696,https://www.sec.gov/ix?doc=/Archives/edgar/data/1156039/000115603923000007/elv-20221231.htm,52.0,"['Share-based compensation', '264', '', '', '255', '', '', '283', '']",264,255,283
76,76,76,76,76,76,75,BlackRock,76,75,75,BlackRock,absent,$103.76 B,$692.83,1364742,BLK,BlackRock Inc.,,non_tech,non_tech,https://www.sec.gov//Archives/edgar/data/1364742/000095017023004343/0000950170-23-004343-index.htm,https://www.sec.gov//ix?doc=/Archives/edgar/data/1364742/000095017023004343/blk-20221231.htm,0.0,,,,,,,708.0,708,,708,734,622,,above_ten,above_ten,20.0,20.0,20,,20,25,,4994.0,"4,994",,"4,994","6,205","5,286",14,14.177012414897877,,0.14177012414897877,,,,,,
77,77,77,77,77,77,76,Charles Schwab,77,76,76,Charles Schwab,absent,$103.17 B,$56.69,316709,SCHW,SCHWAB CHARLES CORP,,non_tech,non_tech,https://www.sec.gov//Archives/edgar/data/316709/000031670923000009/0000316709-23-000009-index.htm,https://www.sec.gov//ix?doc=/Archives/edgar/data/316709/000031670923000009/schw-20221231.htm,-1.0,-88.0,,-88,-60,-49,,366.0,366,,366,254,204,,above_ten,above_ten,23.5,23.5,23.5,,23.5,24.1,23,7183.0,"7,183",,"7,183","5,855","3,299",5,5.095364054016428,-1.225114854517611,0.050953640540164276,,,,,,
78,78,78,78,78,78,77,Mondelez,78,77,77,Mondelez,absent,$99.71 B,$73.22,1103982,MDLZ,"Mondelez International, Inc.",,non_tech,non_tech,https://www.sec.gov//Archives/edgar/data/1103982/000110398223000006/0001103982-23-000006-index.htm,https://www.sec.gov//ix?doc=/Archives/edgar/data/1103982/000110398223000006/mdlz-20221231.htm,0.0,3.0,,3,4,5,,120.0,120,,120,121,126,,above_ten,above_ten,26.8,26.8,26.8,,26.8,27.2,36,2984.0,"2,984",,"2,984","2,614","2,078",4,4.021447721179625,0.10053619302949061,0.040214477211796246,,,,,,
79,79,79,79,79,79,78,Booking Holdings (Booking.com),79,78,78,Booking Holdings (Booking.com),absent,$98.76 B,"$2,674",1018724,,,,tech,tech,https://www.sec.gov//Archives/edgar/data/1018724/000101872423000004/0001018724-23-000004-index.htm,https://www.sec.gov/ix?doc=/Archives/edgar/data/1075531/000107553123000016/bkng-20221231.htm,1.0,40.0,,40,37,30,,404.0,404,,404,376,255,,,,,,unclear,,unclear,unclear,unclear,3058.0,"3,058",,"3,058","1,165",59,13,13.211249182472205,1.3080444735120995,0.13211249182472204,,,,,,
80,80,80,80,80,80,79,TJX Companies,80,79,79,TJX Companies,absent,$97.34 B,$84.70,109198,TJX,TJX COMPANIES INC /DE/,,non_tech,non_tech,https://www.sec.gov//Archives/edgar/data/109198/000010919823000004/0000109198-23-000004-index.htm,https://www.sec.gov//ix?doc=/Archives/edgar/data/109198/000010919823000004/tjx-20230128.htm,,,,,,,122,189.0,189,,189,59,,,above_ten,above_ten,24.5,24.5,24.5,24.5,25.4,,,3498.0,"3,498",,"3,498",,90,5,5.4030874785591765,,0.054030874785591765,https://www.sec.gov//ix?doc=/Archives/edgar/data/109198/000010919823000004/tjx-20230128.htm,49.0,"['Share-based compensation', '122', '', '189', '', '59', '']",122,189,59
81,81,81,81,81,81,80,Gilead Sciences,81,80,80,Gilead Sciences,absent,$96.76 B,$77.24,882095,GILD,"GILEAD SCIENCES, INC.",,non_tech,non_tech,,https://www.sec.gov/ix?doc=/Archives/edgar/data/882095/000088209523000007/gild-20221231.htm,,,,,,,,637.0,637,,637,635,643,,above_ten,above_ten,21.5,21.5,21.5,,21.5,25.1,,4566.0,"4,566",,"4,566","6,201",89,14,13.950941743320193,,0.13950941743320192,,,,,,
82,82,82,82,82,82,81,Analog Devices,82,81,81,Analog Devices,absent,$95.26 B,$190.00,6281,ADI,ANALOG DEVICES INC,,tech,tech,https://www.sec.gov//Archives/edgar/data/6281/000000628122000250/0000006281-22-000250-index.htm,https://www.sec.gov//ix?doc=/Archives/edgar/data/6281/000000628122000250/adi-20221029.htm,,,,,,,,323.0,323,,323,243.611,149.518,,above_ten,above_ten,11.3,11.3,11.3,,11.3,-4.6,,2749.0,"2,749",,"2,749","1,390","1,221",12,11.749727173517643,,0.11749727173517643,,,,,,
83,83,83,83,83,83,82,American Tower,83,82,82,American Tower,absent,$92.44 B,$198.36,1053507,AMT,AMERICAN TOWER CORP /MA/,,,non_tech_unsure,https://www.sec.gov//Archives/edgar/data/1053507/000105350723000023/0001053507-23-000023-index.htm,https://www.sec.gov//ix?doc=/Archives/edgar/data/1053507/000105350723000023/amt-20221231.htm,,,,,,,,169.3,169.3,,169.3,119.5,120.8,,low,low,1.4,1.4,1.4,,1.4,9.3,,1696.7,"1,696.70",,"1,696.70","2,567.60","1,691.50",10,9.97819296281016,,0.09978192962810162,https://www.sec.gov//ix?doc=/Archives/edgar/data/1053507/000105350723000023/amt-20221231.htm,59.0,"['Stock-based compensation expense', '', '169.3', '', '', '119.5', '', '', '120.8', '']",169.3,119.5,120.8
84,84,84,84,84,84,83,Marsh & McLennan Companies,84,83,83,Marsh & McLennan Companies,absent,$92.03 B,$186.03,62709,MMC,"MARSH & MCLENNAN COMPANIES, INC.",,non_tech,non_tech,https://www.sec.gov//Archives/edgar/data/62709/000006270923000014/0000062709-23-000014-index.htm,https://www.sec.gov//ix?doc=/Archives/edgar/data/62709/000006270923000014/mmc-20221231.htm,,,,,,,,,unclear,,unclear,unclear,unclear,,above_ten,above_ten,24.4,24.4,24.4,,24.4,24.6,,3087.0,"3,087",,"3,087","3,174","2,046",,,,,https://www.sec.gov//ix?doc=/Archives/edgar/data/62709/000006270923000014/mmc-20221231.htm,66.0,"['Share-based compensation expense', '367', '', '', '348', '', '', '290', '']",367,348,290
85,85,85,85,85,85,84,Automatic Data Processing,85,84,84,Automatic Data Processing,absent,$91.20 B,$219.70,8670,ADP,AUTOMATIC DATA PROCESSING INC,,tech,tech,https://www.sec.gov//Archives/edgar/data/8670/000000867022000038/0000008670-22-000038-index.htm,https://www.sec.gov//ix?doc=/Archives/edgar/data/8670/000000867022000038/adp-20220630.htm,2.0,49.1,,49.1,43,32.2,,201.7,201.7,,201.7,175.3,130.8,,above_ten,above_ten,22.5,22.5,22.5,,22.5,22.7,,2948.9,"2,948.90",,"2,948.90","2,598.50","2,466.50",7,6.839838583878734,1.6650276374241242,0.06839838583878734,https://www.sec.gov//ix?doc=/Archives/edgar/data/8670/000000867022000038/adp-20220630.htm,79.0,"['Stock-based compensation expense', '', '201.7', '', '', '175.3', '', '', '130.8', '']",201.7,175.3,130.8
86,86,86,86,86,86,85,Citigroup,86,85,85,Citigroup,absent,$91.10 B,$46.80,831001,C,CITIGROUP INC,,non_tech,non_tech,https://www.sec.gov//Archives/edgar/data/831001/000083100123000037/0000831001-23-000037-index.htm,https://www.sec.gov//ix?doc=/Archives/edgar/data/831001/000083100123000037/c-20221231.htm,,,,,,,,,unclear,,unclear,unclear,unclear,,above_ten,above_ten,19.4,19.4,19.4,,19.4,19.8,,14845.0,"14,845",,"14,845","21,952","11,047",,,,,,,,,,
87,87,87,87,87,87,86,Vertex Pharmaceuticals,87,86,86,Vertex Pharmaceuticals,absent,$89.71 B,$348.32,875320,VRTX,VERTEX PHARMACEUTICALS INC / MA,,non_tech,non_tech,https://www.sec.gov//Archives/edgar/data/875320/000087532023000007/0000875320-23-000007-index.htm,https://www.sec.gov//ix?doc=/Archives/edgar/data/875320/000087532023000007/vrtx-20221231.htm,,,,,,,,84.0,84,,84,77.3,85.6,,above_ten,above_ten,21.5,21.5,21.5,,21.5,14.2,,3322.0,"3,322.00",,"3,322.00","2,342.10","2,711.70",3,2.5285972305839857,,0.025285972305839857,https://www.sec.gov//ix?doc=/Archives/edgar/data/875320/000087532023000007/vrtx-20221231.htm,44.0,"['Stock-based compensation expense', '491.3', '', '', '441.4', '', '', '429.5', '']",491.3,441.4,429.5
88,88,88,88,88,88,87,CVS Health,88,87,87,CVS Health,absent,$89.21 B,$69.59,64803,CVS,CVS HEALTH Corp,,non_tech,non_tech,https://www.sec.gov//Archives/edgar/data/64803/000006480323000009/0000064803-23-000009-index.htm,https://www.sec.gov//ix?doc=/Archives/edgar/data/64803/000006480323000009/cvs-20221231.htm,,,,,,,,447.0,447,,447,484,400,,above_ten,above_ten,26.0,26.0,26,,26,24.2,,4165.0,"4,165",,"4,165","7,898","7,192",11,10.732292917166866,,0.10732292917166866,,,,,,
89,89,89,89,89,89,88,Uber,89,88,88,Uber,absent,$88.52 B,$43.66,1543151,UBER,"Uber Technologies, Inc",,tech,tech,https://www.sec.gov//Archives/edgar/data/1543151/000154315123000010/0001543151-23-000010-index.htm,https://www.sec.gov//ix?doc=/Archives/edgar/data/1543151/000154315123000010/uber-20221231.htm,,,,,,,,1793.0,"1,793",,"1,793","1,168",827,,low,low,1.9,1.9,1.9,,1.9,48,,-6788.0,"-6,788",,"-6,788",-570,"-9,138",-26,-26.41426045963465,,-0.2641426045963465,,,,,,
90,90,90,90,90,90,89,Lam Research,90,89,89,Lam Research,absent,$84.44 B,$628.58,707549,LRCX,LAM RESEARCH CORP,,tech,tech,https://www.sec.gov//Archives/edgar/data/707549/000070754922000107/0000707549-22-000107-index.htm,https://www.sec.gov//ix?doc=/Archives/edgar/data/707549/000070754922000107/lrcx-20220626.htm,,,,,,,,0.0,0,,0,0,0,,above_ten,above_ten,11.3,11.3,11.3,,11.3,10.6,13,5.0,5,,5,4,2,6,0.0,,0.0,,,,,,
91,91,91,91,91,91,90,HCA Healthcare,91,90,90,HCA Healthcare,absent,$83.70 B,$298.35,860730,HCA,"HCA Healthcare, Inc.",,non_tech,non_tech,https://www.sec.gov//Archives/edgar/data/860730/000095017023003234/0000950170-23-003234-index.htm,https://www.sec.gov//ix?doc=/Archives/edgar/data/860730/000095017023003234/hca-20221231.htm,,,,,,,,341.0,341,,341,440,362,,above_ten,above_ten,23.6,23.6,23.6,,23.6,23.3,,6834.0,"6,834",,"6,834","7,721","4,387",5,4.9897570968685985,,0.04989757096868598,,,,,,
92,92,92,92,92,92,91,Cigna,92,91,91,Cigna,absent,$83.06 B,$280.75,1739940,CI,Cigna Group,,non_tech,non_tech,https://www.sec.gov//Archives/edgar/data/1739940/000173994023000008/0001739940-23-000008-index.htm,https://www.sec.gov//ix?doc=/Archives/edgar/data/1739940/000173994023000008/ci-20221231.htm,,,,,,,,264.0,264,,264,268,289,,above_ten,above_ten,19.2,19.2,19.2,,19.2,20.2,22,6746.0,"6,746",,"6,746","5,415","8,489",4,3.91343018084791,,0.0391343018084791,,,,,,
93,93,93,93,93,93,92,Airbnb,93,92,92,Airbnb,absent,$82.99 B,$131.69,1559720,ABNB,"Airbnb, Inc.",,tech,tech,,https://www.sec.gov/ix?doc=/Archives/edgar/data/1559720/000155972023000003/abnb-20221231.htm,2.0,39.9,,39.9,35.6,19,,930.0,930,,930,899,"3,003",,low,low,5.0,5.0,5,,5,-17,,1893.0,"1,893",,"1,893",-352,,49,49.128367670364504,2.1077654516640254,0.49128367670364503,,,,,,
94,94,94,94,94,94,93,Altria Group,94,93,93,Altria Group,absent,$82.07 B,$45.98,764180,MO,"ALTRIA GROUP, INC.",,non_tech,non_tech,https://www.sec.gov//Archives/edgar/data/764180/000076418023000020/0000764180-23-000020-index.htm,https://www.sec.gov//ix?doc=/Archives/edgar/data/764180/000076418023000020/mo-20221231.htm,,,,,,,,,unclear,,unclear,unclear,unclear,,above_ten,above_ten,22.0,22.0,22,,22,35.3,35,5764.0,"5,764",,"5,764","2,475","4,454",,,,,,,,,,
95,95,95,95,95,95,94,Palo Alto Networks,95,94,94,Palo Alto Networks,absent,$78.87 B,$257.88,1327567,PANW,Palo Alto Networks Inc,,tech,tech,https://www.sec.gov//Archives/edgar/data/1327567/000132756722000028/0001327567-22-000028-index.htm,https://www.sec.gov//ix?doc=/Archives/edgar/data/1327567/000132756722000028/panw-20220731.htm,,,,,,,,1013.4,"1,013.40",,"1,013.40",926.9,664.5,,low,low,-28.9,-28.9,-28.9,,-28.9,-7.3,-15.2,-267.0,-267,,-267,-499,-267,-380,-379.55056179775283,,-3.795505617977528,,,,,,
96,96,96,96,96,96,95,Regeneron Pharmaceuticals,96,95,95,Regeneron Pharmaceuticals,absent,$78.75 B,$717.83,872589,REGN,"REGENERON PHARMACEUTICALS, INC.",,tech,tech,https://www.sec.gov//Archives/edgar/data/872589/000180422023000008/0001804220-23-000008-index.htm,https://www.sec.gov//ix?doc=/Archives/edgar/data/872589/000180422023000008/regn-20221231.htm,,,,,,,,725.0,725,,725,601.7,432,,above_ten,above_ten,10.7,10.7,10.7,,10.7,13.4,7.8,4338.4,"4,338.40",,"4,338.40","8,075.30","3,513.20",17,16.711229946524064,,0.16711229946524064,https://www.sec.gov//ix?doc=/Archives/edgar/data/872589/000180422023000008/regn-20221231.htm,49.0,"['Stock-based compensation expense', '', '725.0', '', '', '601.7', '', '', '432.0', '']",725.0,601.7,432.0
97,97,97,97,97,97,96,Zoetis,97,96,96,Zoetis,absent,$78.25 B,$169.35,1555280,ZTS,Zoetis Inc.,,non_tech,non_tech,https://www.sec.gov//Archives/edgar/data/1555280/000155528023000074/0001555280-23-000074-index.htm,https://www.sec.gov//ix?doc=/Archives/edgar/data/1555280/000155528023000074/zts-20221231.htm,0.0,-8.0,,-8,-7,-7,,62.0,62,,62,58,59,,above_ten,above_ten,20.5,20.5,20.5,,20.5,18.2,18,2114.0,"2,114",,"2,114","2,037","1,638",3,2.9328287606433303,-0.3784295175023652,0.0293282876064333,https://www.sec.gov//ix?doc=/Archives/edgar/data/1555280/000155528023000074/zts-20221231.htm,49.0,"['Share-based compensation expense', '', '62', '', '', '58', '', '', '59', '']",62,58,59
98,98,98,98,98,98,98,Fiserv,99,98,98,Fiserv,absent,$77.10 B,$124.90,798354,FI,FISERV INC,,tech,tech,https://www.sec.gov//Archives/edgar/data/798354/000079835423000004/0000798354-23-000004-index.htm,https://www.sec.gov//ix?doc=/Archives/edgar/data/798354/000079835423000004/fisv-20221231.htm,,,,,,,,323.0,323,,323,239,369,,above_ten,above_ten,18.9,18.9,18.9,,18.9,21.8,17,2582.0,"2,582",,"2,582","1,403",975,13,12.509682416731216,,0.12509682416731216,https://www.sec.gov//ix?doc=/Archives/edgar/data/798354/000079835423000004/fisv-20221231.htm,60.0,"['Share-based compensation', '', '323', '', '', '239', '', '', '369', '']",323,239,369
99,99,99,99,99,99,99,Progressive,100,99,99,Progressive,absent,$76.93 B,$131.43,80661,PGR,PROGRESSIVE CORP/OH/,,non_tech,non_tech,https://www.sec.gov//Archives/edgar/data/80661/000008066123000006/0000080661-23-000006-index.htm,https://www.sec.gov//ix?doc=/Archives/edgar/data/80661/000008066123000006/pgr-20221231.htm,,,,,,,,,unclear,,unclear,unclear,unclear,,,,,,unclear,,unclear,unclear,unclear,721.5,721.5,,721.5,"3,350.90","5,704.60",,,,,,,,,,
