to_freeze_name,market_cap_rank,,Unnamed: 0,name,american_progress_list,market_cap,price,cik_str,ticker,title_searchable,title_confirmed,tech_or_non_tech,ten_k_document_link,actual_full_ten_k_document_link,most_recent_tax_benefits_from_stock_based_compensation_over_net_income,most_recent_tax_benefits_from_stock_based_compensation,tax_benefits_from_stock_based_compensation_2023,tax_benefits_from_stock_based_compensation_2022,tax_benefits_from_stock_based_compensation_2021,tax_benefits_from_stock_based_compensation_2020,tax_benefits_note,most_recent_stock_or_share_based_compensation,most_recent_stock_or_share_based_compensation_expounded,stock_or_share_based_compensation_end_of_2023,stock_or_share_based_compensation_end_of_2022,stock_or_share_based_compensation_end_of_2021,stock_or_share_based_compensation_end_of_2020,stock_notes,most_recent_tax_rates_low_or_above_ten,most_recent_tax_rates_low_or_above_ten_expounded,most_recent_tax_rates,most_recent_tax_rates_expounded,tax_rates_2023,tax_rates_2022,tax_rates_2021,tax_rates_2020,most_recent_net_income,most_recent_net_income_expounded,net_income_2023,net_income_2022,net_income_2021,net_income_2020,stock_based_compensation_as_a_portion_of_net_income
Apple,1,0,0,Apple,absent,$3.030 T,$191.33,320193,AAPL,Apple Inc.,apple inc. (aapl),tech,https://www.sec.gov//Archives/edgar/data/320193/000032019322000108/0000320193-22-000108-index.htm,https://www.sec.gov//ix?doc=/Archives/edgar/data/320193/000032019322000108/aapl-20220924.htm,-4,"-4,002",,"-4,002","-4,056","-2,476",,"9,280","9,280",,"9,280","8,108","6,975",,above_ten,above_ten,16.2,16.2,,16.2,13.3,14,"99,803","99,803",,"99,803","94,680","57,411",9
Microsoft,2,1,1,Microsoft,present,$2.533 T,$338.15,789019,MSFT,MICROSOFT CORP,,tech,https://www.sec.gov//Archives/edgar/data/789019/000156459022026876/0001564590-22-026876-index.htm,https://www.sec.gov//ix?doc=/Archives/edgar/data/789019/000156459022026876/msft-10k_20220630.htm,2,"1,293",,"1,293","1,065",938,,"7,502","7,502",,"7,502","6,118","5,289",,above_ten,above_ten,13.1,13.1,,13.1,13.8,17,"72,738","72,738",,"72,738","61,271","44,281",10
Alphabet (Google),3,2,2,Alphabet (Google),absent,$1.553 T,$122.63,1652044,GOOG,Alphabet Inc.,,tech,https://www.sec.gov//Archives/edgar/data/1652044/000165204423000016/0001652044-23-000016-index.htm,https://www.sec.gov//ix?doc=/Archives/edgar/data/1652044/000165204423000016/goog-20221231.htm,5,"2,700",,"2,700","3,100","3,900",,"19,362","19,362",,"19,362","15,376","12,991",,above_ten,above_ten,15.9,15.9,,15.9,16.2,,"59,972","59,972",,"59,972","76,033",,32
Amazon,4,3,3,Amazon,present,$1.337 T,$130.38,1018724,AMZN,AMAZON COM INC,,tech,https://www.sec.gov//Archives/edgar/data/1018724/000101872423000004/0001018724-23-000004-index.htm,https://www.sec.gov//ix?doc=/Archives/edgar/data/1018724/000101872423000004/amzn-20221231.htm,9,"1,900",,"1,900","2,700","4,300",,"19,621","19,621",,"19,621",12757,9208,,,,,unclear,,unclear,unclear,unclear,"21,331","21,331",,"21,331","33,364","-2,722",92
NVIDIA,5,4,4,NVIDIA,absent,$1.045 T,$423.17,1045810,NVDA,NVIDIA CORP,,tech,https://www.sec.gov//Archives/edgar/data/1045810/000104581023000017/0001045810-23-000017-index.htm,https://www.sec.gov//ix?doc=/Archives/edgar/data/1045810/000104581023000017/nvda-20230129.htm,-7,-309,-309,-337,-136,,,"2,709",2709,,"2,709","2,004","1,397",,,,,"Furthermore, the tax effects of accounting for stock-based compensation and volatility in our stock price may significantly impact our effective tax rate in the period in which they occur. A decline in our stock price may result in reduced future tax benefits from stock-based compensation, increase our effective tax rate, and adversely affect our financial results.",,"Furthermore, the tax effects of accounting for stock-based compensation and volatility in our stock price may significantly impact our effective tax rate in the period in which they occur. A decline in our stock price may result in reduced future tax benefits from stock-based compensation, increase our effective tax rate, and adversely affect our financial results.",,,"4,368","4,368","4,368","9,752","4,332",,62
Tesla,6,5,5,Tesla,absent,$895.32 B,$282.48,1318605,TSLA,"Tesla, Inc.",,tech,https://www.sec.gov//Archives/edgar/data/1318605/000095017023001409/0000950170-23-001409-index.htm,https://www.sec.gov//ix?doc=/Archives/edgar/data/1318605/000095017023001409/tsla-20221231.htm,,,,,,,Our income tax benefits recognized from stock-based compensation arrangements in each of the periods presented were immaterial due to cumulative losses and valuation allowances.,"1,560","1,560",,"1,560","2,121","1,734",,low,low,8,8,,8,11,25,"12,587","12,587",,"12,587","5,644",862,12
Meta Platforms (Facebook),7,6,6,Meta Platforms (Facebook),absent,$756.63 B,$294.37,1326801,META,"Meta Platforms, Inc.",,tech,https://www.sec.gov//Archives/edgar/data/1326801/000132680123000013/0001326801-23-000013-index.htm,https://www.sec.gov//ix?doc=/Archives/edgar/data/1326801/000132680123000013/meta-20221231.htm,9,2000,,2000,3080,"1,810",,"11,992",11992,,"11,992","9,164","6,536",,above_ten,above_ten,19.5,19.5,,19.5,16.7,12,"23,200","23,200",,"23,200","39,370","29,146",52
Berkshire Hathaway,8,7,7,Berkshire Hathaway,absent,$744.26 B,$341.56,1067983,BRK-B,BERKSHIRE HATHAWAY INC,,non_tech,,https://www.sec.gov/ix?doc=/Archives/edgar/data/1067983/000095017023004451/brka-20221231.htm,,,,,,,,,unclear,,unclear,unclear,unclear,,above_ten,above_ten,27.9,27.9,,27.9,18.7,22,"-22,058","-22,058",,"-22,058","90,807","43,253",
Visa,9,8,8,Visa,absent,$500.46 B,$239.45,1403161,V,VISA INC.,,tech,https://www.sec.gov//Archives/edgar/data/1403161/000140316122000081/0001403161-22-000081-index.htm,https://www.sec.gov//ix?doc=/Archives/edgar/data/1403161/000140316122000081/v-20220930.htm,1,82,,82,73,63,,602,602,,602,542,416,,above_ten,above_ten,18,18,,18,23,21,"14,957","14,957",,"14,957","12,311","10,866",4
Eli Lilly,10,9,9,Eli Lilly,absent,$442.07 B,$465.70,59478,LLY,ELI LILLY & Co,,non_tech,https://www.sec.gov//Archives/edgar/data/59478/000005947823000082/0000059478-23-000082-index.htm,https://www.sec.gov//ix?doc=/Archives/edgar/data/59478/000005947823000082/lly-20221231.htm,1,78,,78,72,65,,371,371,,371,343,308,,low,low,8.3,8.3,,8.3,9.3,,"6,244.80","6,244.80",,"6,244.80","5,581.70","6,193.70",6
UnitedHealth,11,10,10,UnitedHealth,absent,$441.25 B,$471.22,731766,UNH,UNITEDHEALTH GROUP INC,,non_tech,https://www.sec.gov//Archives/edgar/data/731766/000073176623000008/0000731766-23-000008-index.htm,https://www.sec.gov//ix?doc=/Archives/edgar/data/731766/000073176623000008/unh-20221231.htm,1,207,,207,173,208,Income tax benefit realized from share-based award exercises,925,925,,925,800,679,,,,,unclear,,unclear,unclear,unclear,"20,120","20,120",,"20,120","17,285","15,403",5
Exxon Mobil,12,11,11,Exxon Mobil,present,$432.23 B,$106.91,34088,XOM,EXXON MOBIL CORP,,non_tech,,https://www.sec.gov/ix?doc=/Archives/edgar/data/34088/000003408823000020/xom-20221231.htm,0,52,,52,49,51,,648,648,,648,612,672,"The compensation cost charged against income for the restricted stock and restricted stock units was $648 million, $612 million, and $672 million for 2022, 2021, and 2020, respectively. ",above_ten,above_ten,33,33,,33,31,17,"55,740","55,740",,"55,740","23,040","-22,440",1
Walmart,13,12,12,Walmart,absent,$425.76 B,$158.11,104169,WMT,Walmart Inc.,,non_tech,https://www.sec.gov//Archives/edgar/data/104169/000010416923000020/0000104169-23-000020-index.htm,https://www.sec.gov//ix?doc=/Archives/edgar/data/104169/000010416923000020/wmt-20230131.htm,4,400,,400,300,300,,"1,578","1,578",,"1,578","1,163","1,169",,above_ten,above_ten,33.6,33.6,,33.6,25.4,33,"11,292","11,292","11,292","13,940",,,14
Johnson & Johnson,14,13,13,Johnson & Johnson,absent,$423.09 B,$162.81,200406,JNJ,JOHNSON & JOHNSON,,non_tech,,https://www.sec.gov/ix?doc=/Archives/edgar/data/200406/000020040623000016/jnj-20230101.htm,0,-1.3,,-1.3,-1,-1.5,,1138,1138,,1138,1135,1005,,above_ten,above_ten,17.4,17.4,,17.4,8.3,11,"17,941","17,941",,"17,941","20,878","14,714",6
JPMorgan Chase,15,14,14,JPMorgan Chase,present,$422.68 B,$144.64,19617,JPM,JPMORGAN CHASE & CO,,non_tech,,,,,,,,,,,,,,,,,,,,,,,,,,,,,,,
Mastercard,16,15,15,Mastercard,absent,$373.43 B,$394.73,1141391,MA,Mastercard Inc,,tech,https://www.sec.gov//Archives/edgar/data/1141391/000114139123000020/0001141391-23-000020-index.htm,https://www.sec.gov//ix?doc=/Archives/edgar/data/1141391/000114139123000020/ma-20221231.htm,0,49,,49,36,68,Income tax benefit realized related to Options exercised        ,295,295,,295,273,254,,above_ten,above_ten,15.7,15.7,,15.7,15.4,,"35,465","35,465",,"35,465","15,625","-5,543",1
Procter & Gamble,17,16,16,Procter & Gamble,absent,$358.82 B,$152.24,80424,PG,PROCTER & GAMBLE Co,,non_tech,,https://www.sec.gov/ix?doc=/Archives/edgar/data/80424/000008042422000064/pg-20220630.htm,1,88,,88,102,97,,528,528,,528,540,558,,above_ten,above_ten,17.8,17.8,,17.8,18.5,17,"14,793","14,793",,"14,793","14,352","13,103",4
Broadcom,18,17,17,Broadcom,absent,$355.67 B,$861.86,1730168,AVGO,Broadcom Inc.,,tech,https://www.sec.gov//Archives/edgar/data/1730168/000173016822000118/0001730168-22-000118-index.htm,https://www.sec.gov//ix?doc=/Archives/edgar/data/1730168/000173016822000118/avgo-20221030.htm,2,255,,255,283,345,,"1,533","1,533",,"1,533","1,704","1,976",,low,low,7.5,7.5,,7.5,0.4,-21,"11,495","11,495",,"11,495","6,736","2,960",13
Oracle,19,18,18,Oracle,absent,$314.74 B,$115.96,1341439,ORCL,ORACLE CORP,,tech,,https://www.sec.gov/ix?doc=/Archives/edgar/data/0001341439/000095017023028914/orcl-20230531.htm,32,"2,745",,"2,745","2,020","1,424",,2613,2613,,2613,1837,,,low,low,6.8,6.8,6.8,12.2,,,"8,503","8,503",,"8,503","6,717","13,746",31
Home Depot,20,19,19,Home Depot,absent,$313.09 B,$310.80,354950,HD,"HOME DEPOT, INC.",,non_tech,https://www.sec.gov//Archives/edgar/data/354950/000035495023000059/0000354950-23-000059-index.htm,https://www.sec.gov//ix?doc=/Archives/edgar/data/354950/000035495023000059/hd-20230129.htm,0,-73,,-73,-86,-58,,367,367,,367,403,310,,above_ten,above_ten,23.9,23.9,,23.9,24.4,24,"17,105","17,105",,"17,105","16,433","12,866",2
Chevron,21,20,20,Chevron,present,$292.47 B,$156.31,93410,CVX,CHEVRON CORP,,non_tech_unsure,,https://www.sec.gov/ix?doc=/Archives/edgar/data/93410/000009341023000009/cvx-20221231.htm,16,"5,835",,"5,835","1,274",226,"Cash received in payment for option exercises under all share-based payment arrangements for 2022, 2021 and 2020 was $5,835, $1,274 and $226, respectively. Actual tax benefits realized for the tax deductions from option exercises were $216, $(15) and $8 for 2022, 2021 and 2020, respectively.",5838,5838,,5838,1421,226,,above_ten,above_ten,28.3,28.3,,28.3,27.5,25,"35,465","35,465",,"35,465","15,625","-5,543",16
Merck,22,21,21,Merck,present,$291.18 B,$113.70,310158,MRK,"Merck & Co., Inc.",,tech,https://www.sec.gov//Archives/edgar/data/310158/000162828023005061/0001628280-23-005061-index.htm,https://www.sec.gov//ix?doc=/Archives/edgar/data/310158/000162828023005061/mrk-20221231.htm,,78,,78,69,65,,541,541,,541,498,475,,above_ten,above_ten,11.7,11.7,,11.7,11,,,,,,,,
Coca-Cola,23,22,22,Coca-Cola,present,$263.92 B,$61.03,21344,KO,COCA COLA CO,,non_tech,https://www.sec.gov//Archives/edgar/data/21344/000002134423000011/0000021344-23-000011-index.htm,https://www.sec.gov//ix?doc=/Archives/edgar/data/21344/000002134423000011/ko-20221231.htm,1,55,,55,60,32,,361,361,,361,337,141,,above_ten,above_ten,18.1,18.1,,18.1,21.1,,"9,571","9,571",,"9,571","9,804","7,768",4
Pepsico,24,23,23,Pepsico,absent,$257.04 B,$186.58,77476,PEP,PEPSICO INC,,non_tech,https://www.sec.gov//Archives/edgar/data/77476/000007747623000007/0000077476-23-000007-index.htm,https://www.sec.gov//ix?doc=/Archives/edgar/data/77476/000007747623000007/pep-20221231.htm,0,62,,62,57,48,,343,343,,343,301,264,,,,,unclear annual tax rate: 16.1         %                21.8         %,,unclear annual tax rate: 16.1         %                21.8         %,,,"14,519","14,519",,"14,519","13,049","7,067",2
AbbVie,25,24,24,AbbVie,absent,$242.80 B,$137.62,1551152,ABBV,AbbVie Inc.,,non_tech,https://www.sec.gov//Archives/edgar/data/1551152/000155115223000011/0001551152-23-000011-index.htm,https://www.sec.gov//ix?doc=/Archives/edgar/data/1551152/000155115223000011/abbv-20221231.htm,1,122,,122,126,131,,671,671,,671,692,753,pre-tax,above_ten,above_ten,12.1,12.1,,12.1,11.1,-36,"11,845","11,845",,"11,845","11,549","4,622",6
Costco,26,25,25,Costco,absent,$239.80 B,$541.13,909832,COST,COSTCO WHOLESALE CORP /NEW,,non_tech,https://www.sec.gov//Archives/edgar/data/909832/000090983222000021/0000909832-22-000021-index.htm,https://www.sec.gov//ix?doc=/Archives/edgar/data/909832/000090983222000021/cost-20220828.htm,3,154,,154,140,128,Less recognized income tax benefit,724,724,,724,665,619,,above_ten,above_ten,24.6,24.6,,24.6,24,24,"5,844","5,844",,"5,844","5,007","4,002",12
Bank of America,27,26,26,Bank of America,present,$231.74 B,$29.08,70858,BAC,BANK OF AMERICA CORP /DE/,,non_tech,https://www.sec.gov//Archives/edgar/data/70858/000007085823000092/0000070858-23-000092-index.htm,https://www.sec.gov//ix?doc=/Archives/edgar/data/70858/000007085823000092/bac-20221231.htm,3,697,,697,723,505,,2862,2862,,2862,2768,2031,,above_ten,above_ten,11.1,11.1,,11.1,5.9,,"27,528","27,528",,"27,528","31,978","17,894",10
Adobe,28,27,27,Adobe,absent,$223.50 B,$487.26,796343,ADBE,ADOBE INC.,,tech,https://www.sec.gov//Archives/edgar/data/796343/000079634323000007/0000796343-23-000007-index.htm,https://www.sec.gov//Archives/edgar/data/796343/000079634323000007/adbe10kfy22unofficialpdfa.pdf,,,,pdf ,pdf,pdf,,,pdf,,pdf,pdf,pdf,,,,,pdf,,unsearchable,,,,pdf,,pdf,,,
McDonald,29,28,28,McDonald,absent,$216.76 B,$296.90,63908,MCD,MCDONALDS CORP,,non_tech,,https://www.sec.gov/ix?doc=/Archives/edgar/data/63908/000006390823000012/mcd-20221231.htm,,,,,,,,166.7,166.7,,166.7,139.2,92.4,,above_ten,above_ten,21.1,21.1,,21.1,17.3,,"6,177","6,177",,"6,177","7,545","4,731",3
Cisco,30,29,29,Cisco,absent,$209.90 B,$51.51,858877,CSCO,"CISCO SYSTEMS, INC.",,tech,https://www.sec.gov//Archives/edgar/data/858877/000085887722000013/0000858877-22-000013-index.htm,https://www.sec.gov//ix?doc=/Archives/edgar/data/858877/000085887722000013/csco-20220730.htm,4,457,,457,387,452,,"1,886","1,886",,"1,886","1,761","1,569",,above_ten,above_ten,18.4,18.4,,18.4,20.1,,"11,812","11,812",,"11,812","10,591","11,214",16
Salesforce,31,30,30,Salesforce,absent,$208.26 B,$213.82,1108524,CRM,"Salesforce, Inc.",,tech,https://www.sec.gov//Archives/edgar/data/1108524/000110852423000011/0001108524-23-000011-index.htm,https://www.sec.gov//ix?doc=/Archives/edgar/data/1108524/000110852423000011/crm-20230131.htm,,,,,,,,"3,279","3,279","3,279","2,779","2,190",,,above_ten,above_ten,68,68,68,6,,,208,208,208,"1,444","4,072",,"1,576"
Pfizer,32,31,31,Pfizer,absent,$205.99 B,$36.46,78003,PFE,PFIZER INC,,non_tech,,https://www.sec.gov/ix?doc=/Archives/edgar/data/78003/000007800323000024/pfe-20221231.htm,1,160,,160,227,141,,872,872,,872,1182,755,,,,,"(a)Items that reconcile GAAP Reported to non-GAAP Adjusted balances are shown pre-tax. Our effective tax rates for GAAP Reported income from continuing operations were: 9.6% in 2022, 7.6% in 2021 and 5.3% in 2020. See Note 5. Our effective tax rates for non-GAAP Adjusted income were: 11.7% in 2022, 14.5% in 2021 and 13.5% in 2020.",,"(a)Items that reconcile GAAP Reported to non-GAAP Adjusted balances are shown pre-tax. Our effective tax rates for GAAP Reported income from continuing operations were: 9.6% in 2022, 7.6% in 2021 and 5.3% in 2020. See Note 5. Our effective tax rates for non-GAAP Adjusted income were: 11.7% in 2022, 14.5% in 2021 and 13.5% in 2020.",,,"31,407","31,407",,"31,407","22,025","9,195",3
Thermo Fisher Scientific,33,32,32,Thermo Fisher Scientific,absent,$200.80 B,$520.60,97745,TMO,THERMO FISHER SCIENTIFIC INC.,,tech,https://www.sec.gov//Archives/edgar/data/97745/000009774523000008/0000097745-23-000008-index.htm,https://www.sec.gov//ix?doc=/Archives/edgar/data/97745/000009774523000008/tmo-20221231.htm,,,,,,,,307,307,,307,230,196,,,,,,,,,,"6,960","6,960",,"6,960","7,728","6,377",4
Netflix,34,33,33,Netflix,absent,$198.22 B,$445.90,1065280,NFLX,NETFLIX INC,,tech,https://www.sec.gov//Archives/edgar/data/1065280/000106528023000035/0001065280-23-000035-index.htm,https://www.sec.gov//ix?doc=/Archives/edgar/data/1065280/000106528023000035/nflx-20221231.htm,,,,,,,,575.452,575.452,,575.452,403.22,415.18,,above_ten,above_ten,15,15,,15,12,14,"4,492","4,492",,"4,492","5,116","2,761",13
Abbott Laboratories,35,34,34,Abbott Laboratories,absent,$189.84 B,$107.37,1800,ABT,ABBOTT LABORATORIES,,tech,,https://www.sec.gov/ix?doc=/Archives/edgar/data/1800/000162828023004026/abt-20221231.htm,2,170,,170,267,200,"Total non-cash stock compensation expense charged against income from continuing operations in 2022, 2021 and 2020 for share-based plans totaled approximately $685 million, $640 million and $546 million, respectively, and the tax benefit recognized was approximately $170 million, $267 million and $200 million, respectively. Stock compensation cost capitalized as part of inventory is not significant.",-685,-685,,-685,-640,-546,,above_ten,above_ten,16.5,16.5,,16.5,13.9,10,"6,933","6,933",,"6,933","7,071","4,495",-10
AMD,36,35,35,AMD,absent,$183.50 B,$113.95,750686,CAC,CAMDEN NATIONAL CORP,,non_tech,https://www.sec.gov//Archives/edgar/data/750686/000075068623000033/0000750686-23-000033-index.htm,https://www.sec.gov//ix?doc=/Archives/edgar/data/750686/000075068623000033/cac-20221231.htm,,,,,,,,2.553,2.553,,2.553,2.381,1.785,,above_ten,above_ten,20.3,20.3,,20.3,20.3,20,61,61,,61,69,59,4
Danaher,37,36,36,Danaher,absent,$175.16 B,$237.38,313616,DHR,DANAHER CORP /DE/,,tech,https://www.sec.gov//Archives/edgar/data/313616/000031361623000087/0000313616-23-000087-index.htm,https://www.sec.gov//ix?doc=/Archives/edgar/data/313616/000031361623000087/dhr-20221231.htm,-1,-68,,-68,-44,-39,,195,195,,195,129,114,,above_ten,above_ten,13.1,13.1,,13.1,16.5,19,"7,209","7,209",,"7,209","6,433","3,646",3
Comcast,38,37,37,Comcast,absent,$172.92 B,$41.48,1166691,CMCSA,COMCAST CORP,,tech,,https://www.sec.gov/ix?doc=/Archives/edgar/data/1166691/000116669123000010/cmcsa-20221231.htm,,,,,,,,1336,1336,,1336,1315,1193,,above_ten,above_ten,47,47,,47,27.5,,"4,925","4,925",,"4,925","13,833","10,701",27
T-Mobile US,39,38,38,T-Mobile US,absent,$167.45 B,$139.56,1283699,TMUS,"T-Mobile US, Inc.",,tech,,https://www.sec.gov/ix?doc=/Archives/edgar/data/1283699/000128369923000016/tmus-20221231.htm,4,114,,114,100,132,,595,595,,595,540,694,,above_ten,above_ten,17.7,17.7,,17.7,9.8,,"2,590","2,590",,"2,590","3,024","3,064",23
Nike,40,39,39,Nike,present,$166.51 B,$107.10,320187,NKE,"NIKE, Inc.",,non_tech,https://www.sec.gov//Archives/edgar/data/320187/000032018722000038/0000320187-22-000038-index.htm,https://www.sec.gov//ix?doc=/Archives/edgar/data/320187/000032018722000038/nke-20220531.htm,5,327,,327,297,207,,638,638,,638,611,429,,low,low,9.1,9.1,,9.1,14,12,"6,046","6,046",,"6,046","5,727","2,539",11
Walt Disney,41,40,40,Walt Disney,absent,$164.07 B,$89.79,1744489,DIS,Walt Disney Co,,non_tech,,https://www.sec.gov/ix?doc=/Archives/edgar/data/1744489/000119312523014219/d431948d10ka.htm,,,,,,,,,unclear,,unclear,unclear,unclear,,,,,unclear,,unclear,unclear,unclear,,,,,,,
Wells Fargo,42,41,41,Wells Fargo,absent,$163.14 B,$43.48,72971,WFC,WELLS FARGO & COMPANY/MN,,non_tech,,https://www.sec.gov/ix?doc=/Archives/edgar/data/72971/000007297123000071/wfc-20221231.htm,,,,,,,,,unclear,,unclear,unclear,unclear,,,,,unclear,,unclear,unclear,unclear,,,,,,,
Texas Instruments,43,42,42,Texas Instruments,absent,$160.22 B,$176.53,97476,TXN,TEXAS INSTRUMENTS INC,,tech,https://www.sec.gov//Archives/edgar/data/97476/000009747623000007/0000097476-23-000007-index.htm,https://www.sec.gov//ix?doc=/Archives/edgar/data/97476/000009747623000007/txn-20221231.htm,1,110,,110,175,195,,289,289,,289,230,224,,above_ten,above_ten,12.8,12.8,,12.8,12.9,7,"8,749","8,749",,"8,749","7,769","5,595",3
Verizon,44,43,43,Verizon,present,$157.56 B,$37.48,732712,VZ,VERIZON COMMUNICATIONS INC,,tech,https://www.sec.gov//Archives/edgar/data/732712/000073271223000012/0000732712-23-000012-index.htm,https://www.sec.gov//ix?doc=/Archives/edgar/data/732712/000073271223000012/vz-20221231.htm,,,,,,,,609,609,,609,625,780,"After-tax compensation expense for stock-based compensation related to RSUs and PSUs described above included in Net income attributable to Verizon was $609 million, $625 million and $780 million for 2022, 2021 and 2020, respectively.",,,,unclear,,unclear,unclear,unclear,"21,748","21,748",,"21,748","22,618","18,348",3
United Parcel Service,45,44,44,United Parcel Service,present,$154.57 B,$179.97,1090727,UPS,UNITED PARCEL SERVICE INC,,non_tech,https://www.sec.gov//Archives/edgar/data/1090727/000109072723000006/0001090727-23-000006-index.htm,https://www.sec.gov//ix?doc=/Archives/edgar/data/1090727/000109072723000006/ups-20221231.htm,4,451,,451,301,210,,"1,568","1,568",,"1,568",878,796,"Beginning in 2023, these matching contributions will be made in cash. The total expense recognized in our statements of consolidated income under all stock compensation programs during 2022, 2021 and 2020 was $1,568, $878 and $796 million, respectively.",above_ten,above_ten,22.1,22.1,,22.1,22.3,,"11,548","11,548",,"11,548","12,890","1,343",14
Nextera Energy,46,45,45,Nextera Energy,absent,$151.65 B,$74.95,753308,NEE,NEXTERA ENERGY INC,,tech,https://www.sec.gov//Archives/edgar/data/753308/000075330823000019/0000753308-23-000019-index.htm,https://www.sec.gov//ix?doc=/Archives/edgar/data/37634/000075330823000019/nee-20221231.htm,1,20,,20,19,21,,,unclear,,unclear,unclear,unclear,,above_ten,above_ten,15,15,,15,11,,"3,246","3,246",,"3,246","2,827","2,369",
Philip Morris,47,46,46,Philip Morris,absent,$151.26 B,$97.45,1413329,PM,Philip Morris International Inc.,,non_tech,https://www.sec.gov//Archives/edgar/data/1413329/000141332923000025/0001413329-23-000025-index.htm,https://www.sec.gov//ix?doc=/Archives/edgar/data/1413329/000141332923000025/pm-20221231.htm,,,,,,,,,unclear,,unclear,unclear,unclear,,above_ten,above_ten,19.3,19.3,,19.3,21.8,22,"9,527","9,527",,"9,527","9,710","8,592",
Raytheon Technologies,48,47,47,Raytheon Technologies,absent,$143.54 B,$98.24,101829,RTX,RAYTHEON TECHNOLOGIES CORP,,tech,https://www.sec.gov//Archives/edgar/data/101829/000010182923000009/0000101829-23-000009-index.htm,https://www.sec.gov//ix?doc=/Archives/edgar/data/101829/000010182923000009/rtx-20221231.htm,2,91,,91,83,63,,420,420,,420,442,330,,above_ten,above_ten,11.6,11.6,,11.6,15.9,-24,"5,327","5,327",,"5,327","4,145","-2,928",8
Morgan Stanley,49,48,48,Morgan Stanley,absent,$143.49 B,$85.92,895421,MS,MORGAN STANLEY,,non_tech,,https://www.sec.gov/ix?doc=/Archives/edgar/data/895421/000089542123000284/ms-20221231.htm,8,427,,427,432,270,,1875,1875,,1875,2085,1312,,above_ten,above_ten,20.7,20.7,,20.7,23.1,23,"5,407","5,407",,"5,407","9,068","7,111",35
Honeywell,50,49,49,Honeywell,absent,$137.41 B,$206.43,773840,HON,HONEYWELL INTERNATIONAL INC,,tech,https://www.sec.gov//Archives/edgar/data/773840/000077384023000013/0000773840-23-000013-index.htm,https://www.sec.gov//ix?doc=/Archives/edgar/data/773840/000077384023000013/hon-20221231.htm,0,10,,10,11,10,,188,188,,188,217,168,,above_ten,above_ten,22.1,22.1,,22.1,22.5,19,"4,966","4,966",,"4,966","5,542","4,779",4
Bristol-Myers Squibb,51,50,50,Bristol-Myers Squibb,absent,$135.98 B,$64.73,14272,BMY,BRISTOL MYERS SQUIBB CO,,non_tech,https://www.sec.gov//Archives/edgar/data/14272/000001427223000046/0000014272-23-000046-index.htm,https://www.sec.gov//ix?doc=/Archives/edgar/data/14272/000001427223000046/bmy-20221231.htm,1,91,,91,120,158,,457,457,,457,583,779,,above_ten,above_ten,17.7,17.7,,17.7,13.4,,"6,345","6,345",,"6,345","7,014","-8,995",7
Intel,52,51,51,Intel,absent,$135.59 B,$32.51,50863,INTC,INTEL CORP,,tech,https://www.sec.gov//Archives/edgar/data/50863/000005086323000006/0000050863-23-000006-index.htm,https://www.sec.gov//ix?doc=/Archives/edgar/data/50863/000005086323000006/intc-20221231.htm,6,478,,478,377,380,,"3,128","3,128",,"3,128","2,036","1,854",,low,low,-3.2,-3.2,,-3.2,8.5,17,"8,017","8,017",,"8,017","19,868","20,899",39
Lowe's Companies,53,52,52,Lowe's Companies,absent,$132.13 B,$225.49,1047716,LTMAY,LATAM AIRLINES GROUP S.A.,,non_tech,,None?,,,,,,,,,,,,,,,,,,,,,,,,,,,,,
American Express,54,53,53,American Express,absent,$130.49 B,$175.57,4962,AXP,AMERICAN EXPRESS CO,,tech,,https://www.sec.gov/ix?doc=/Archives/edgar/data/0000004962/000000496223000006/axp-20221231.htm,1,90,,90,78,59,,373,373,,373,326,247,,above_ten,above_ten,21.6,21.6,,21.6,24.6,27,"7,514","7,514",,"7,514","8,060","3,135",5
QUALCOMM,55,54,54,QUALCOMM,absent,$130.48 B,$117.13,804328,QCOM,QUALCOMM INC/DE,,tech,https://www.sec.gov//Archives/edgar/data/804328/000080432822000021/0000804328-22-000021-index.htm,https://www.sec.gov//ix?doc=/Archives/edgar/data/804328/000080432822000021/qcom-20220925.htm,4,489,,489,435,238,,-489,-489,,-489,-435,-238,,above_ten,above_ten,13,13,,13,12,,"12,936","12,936",,"12,936","9,043","5,198",-4
Boeing,56,55,55,Boeing,absent,$128.47 B,$213.31,12927,BA,BOEING CO,,non_tech_unsure,https://www.sec.gov//Archives/edgar/data/12927/000001292723000007/0000012927-23-000007-index.htm,https://www.sec.gov//ix?doc=/Archives/edgar/data/12927/000001292723000007/ba-20221231.htm,-4,178,,178,148,53,,725,725,,725,833,250,,low,low,-0.6,-0.6,,-0.6,14.8,18,"-5,053","-5,053",,"-5,053","-4,290","-11,941",-14
Intuit,57,56,56,Intuit,absent,$128.22 B,$457.84,896878,INTU,INTUIT INC.,,tech,https://www.sec.gov//Archives/edgar/data/896878/000089687822000028/0000896878-22-000028-index.htm,https://www.sec.gov//ix?doc=/Archives/edgar/data/896878/000089687822000028/intu-20220731.htm,19,396,,396,269,173,,1308,1308,,1308,753,435,,above_ten,above_ten,19,19,,19,19,,"2,066","2,066",,"2,066","2,062","1,826",63
S&P Global,58,57,57,S&P Global,absent,$128.19 B,$399.60,64040,SPGI,S&P Global Inc.,,tech,https://www.sec.gov//Archives/edgar/data/64040/000006404023000058/0000064040-23-000058-index.htm,https://www.sec.gov//ix?doc=/Archives/edgar/data/64040/000006404023000058/spgi-20221231.htm,1,38,,38,20,15,,214,214,,214,122,90,,above_ten,above_ten,25.1,25.1,,25.1,21.6,22,"3,522","3,522",,"3,522","3,263","2,534",6
Caterpillar,59,58,58,Caterpillar,absent,$126.41 B,$244.83,18230,CAT,CATERPILLAR INC,,non_tech_unsure,,https://www.sec.gov/ix?doc=/Archives/edgar/data/18230/000001823023000011/cat-20221231.htm,,32,,32,23,34,,-193,-193,,-193,-199,-202,,above_ten,above_ten,23.2,23.2,,23.2,22.9,,,unclear,,unclear,unclear,unclear,
ConocoPhillips,60,59,59,ConocoPhillips,absent,$125.87 B,$104.02,1163165,COP,CONOCOPHILLIPS,,non_tech_unsure,,https://www.sec.gov/ix?doc=/Archives/edgar/data/1163165/000116316523000006/cop-20221231.htm,1,95,,95,76,40,,377,377,,377,304,159,,,,,unclear,,unclear,unclear,unclear,"18,680","18,680",,"18,680","8,079","-2,701",2
Union Pacific Corporation,61,60,60,Union Pacific Corporation,absent,$124.32 B,$203.91,1512544,ITTOY,ITOCHU Techno-Solutions Corporation/ADR,,tech,,None?,,,,,,,,,,,,,,,,,,,,,,,,,,,,,
IBM,62,61,61,IBM,absent,$121.89 B,$134.24,51143,IBM,INTERNATIONAL BUSINESS MACHINES CORP,,tech,https://www.sec.gov//Archives/edgar/data/51143/000155837023002376/0001558370-23-002376-index.htm,https://www.sec.gov//ix?doc=/Archives/edgar/data/51143/000155837023002376/ibm-20221231x10k.htm,,,,,,,,,unclear,,unclear,unclear,unclear,,,,,unclear,,unclear,unclear,unclear,,unclear,,unclear,unclear,unclear,
Amgen,63,62,62,Amgen,absent,$120.69 B,$225.88,318154,AMGN,AMGEN INC,,tech,https://www.sec.gov//Archives/edgar/data/318154/000031815423000017/0000318154-23-000017-index.htm,https://www.sec.gov//ix?doc=/Archives/edgar/data/318154/000031815423000017/amgn-20221231.htm,1,86,,86,74,72,,401,401,,401,341,330,,above_ten,above_ten,10.8,10.8,,10.8,12.1,11,"6,552","6,552",,"6,552","5,893","7,264",6
Applied Materials,64,63,63,Applied Materials,absent,$119.46 B,$142.26,6951,AMAT,APPLIED MATERIALS INC /DE,,tech,https://www.sec.gov//Archives/edgar/data/6951/000000695122000043/0000006951-22-000043-index.htm,https://www.sec.gov//ix?doc=/Archives/edgar/data/6951/000000695122000043/amat-20221030.htm,1,51,,51,43,39,,413,413,,413,346,307,,,,,unclear,,unclear,unclear,unclear,"6,525","6,525",,"6,525","5,888","3,619",6
Deere & Company,65,64,64,Deere & Company,absent,$118.64 B,$404.66,315189,DE,DEERE & CO,,non_tech_unsure,https://www.sec.gov//Archives/edgar/data/315189/000155837022018703/0001558370-22-018703-index.htm,https://www.sec.gov//ix?doc=/Archives/edgar/data/315189/000155837022018703/de-20221030x10k.htm,0,17,,17,16,19,,85,85,,85,82,81,,,,,unclear,,unclear,unclear,unclear,"7,130","7,130",,"7,130","5,965","2,753",1
General Electric,66,65,65,General Electric,absent,$118.45 B,$108.65,40545,GE,GENERAL ELECTRIC CO,,tech,https://www.sec.gov//Archives/edgar/data/40545/000004054523000023/0000040545-23-000023-index.htm,https://www.sec.gov//ix?doc=/Archives/edgar/data/40545/000004054523000023/ge-20221231.htm,,,,,,,,362,362,,362,429,429,,above_ten,above_ten,33.7,33.7,,33.7,7.8,-8.2,249,249,,249,-123,327,145
Lockheed Martin,67,66,66,Lockheed Martin,absent,$117.19 B,$462.76,936468,LMT,LOCKHEED MARTIN CORP,,tech,https://www.sec.gov//Archives/edgar/data/936468/000093646823000009/0000936468-23-000009-index.htm,https://www.sec.gov//ix?doc=/Archives/edgar/data/936468/000093646823000009/lmt-20221231.htm,2,124,,124,67,63,,238,238,,238,227,221,,above_ten,above_ten,14.2,14.2,,14.2,16.4,,"5,732","5,732",,"5,732","6,315","6,833",4
Intuitive Surgical,68,67,67,Intuitive Surgical,absent,$116.99 B,$333.89,1035267,ISRG,INTUITIVE SURGICAL INC,,tech,https://www.sec.gov//Archives/edgar/data/1035267/000103526723000019/0001035267-23-000019-index.htm,https://www.sec.gov//ix?doc=/Archives/edgar/data/1035267/000103526723000019/isrg-20221231.htm,,,,,,,,513.2,513.2,,513.2,449.2,395.4,,above_ten,above_ten,16.3,16.3,,16.3,8.6,,"1,344.40","1,344.40",,"1,344.40","1,728.10","1,066.80",38
ServiceNow,69,68,68,ServiceNow,absent,$115.26 B,$565.76,1373715,NOW,"ServiceNow, Inc.",,tech,https://www.sec.gov//Archives/edgar/data/1373715/000137371523000035/0001373715-23-000035-index.htm,https://www.sec.gov//ix?doc=/Archives/edgar/data/1373715/000137371523000035/now-20221231.htm,,,,,,,,1401,1401,,1401,1131,870,,above_ten,above_ten,19,19,,19,8,,325,325,,325,230,119,431
AT&T,70,69,69,AT&T,present,$114.88 B,$16.07,732717,T,AT&T INC.,,tech,,https://www.sec.gov/ix?doc=/Archives/edgar/data/732717/000073271723000011/t-20221231.htm,-2,127,,127,110,104,,-162,-162,,-162,13,18,,low,low,-122.2,-122.2,,-122.2,18.5,-330,"-7,055","-7,055",,"-7,055","21,479","-3,821",2
Prologis,71,70,70,Prologis,absent,$114.50 B,$123.99,1045609,PLD,"Prologis, Inc.",,tech,https://www.sec.gov//Archives/edgar/data/1045609/000156459023001902/0001564590-23-001902-index.htm,https://www.sec.gov//ix?doc=/Archives/edgar/data/1045609/000156459023001902/pld-10k_20221231.htm,,,,,,,,,unclear,,,,,,,,,unclear,,unclear,unclear,unclear,"3,555","3,555",,"3,555","3,149","1,617",
Stryker Corporation,72,71,71,Stryker Corporation,absent,$112.88 B,$297.37,310764,SYK,STRYKER CORP,,tech,https://www.sec.gov//Archives/edgar/data/310764/000031076423000017/0000310764-23-000017-index.htm,https://www.sec.gov//ix?doc=/Archives/edgar/data/310764/000031076423000017/syk-20221231.htm,,,,,,,,168,168,,168,171,142,,above_ten,above_ten,12.1,12.1,,12.1,12.6,18,"2,358","2,358",,"2,358","1,994","1,599",7
Starbucks,73,72,72,Starbucks,absent,$112.87 B,$98.46,829224,SBUX,STARBUCKS CORP,,non_tech,,https://www.sec.gov/ix?doc=/Archives/edgar/data/829224/000082922422000058/sbux-20221002.htm,1,45.9,,45.9,51.6,47.8,,271.5,271.5,,271.5,319.1,248.6,,above_ten,above_ten,22.4,22.4,,22.4,21.6,,"3,283.40","3,283.40",,"3,283.40","4,200.30",925,8
Goldman Sachs,74,73,73,Goldman Sachs,absent,$106.39 B,$320.05,886982,GS,GOLDMAN SACHS GROUP INC,,non_tech,,https://www.sec.gov/ix?doc=/Archives/edgar/data/886982/000088698223000003/gs-20221231.htm,0,,,,,,,4083,4083,,4083,2348,1920,,above_ten,above_ten,16.5,16.5,,16.5,20,24,"11,261","11,261",,"11,261","21,635","9,459",36
Elevance Health,75,74,74,Elevance Health,absent,$105.02 B,$443.03,1156039,ELV,"Elevance Health, Inc.",,non_tech,,https://www.sec.gov/ix?doc=/Archives/edgar/data/1156039/000115603923000007/elv-20221231.htm,1,66,,66,65,74,,264,264,,264,255,283,,above_ten,above_ten,22.5,22.5,,22.5,23.1,27,"6,019","6,019",,"6,019","6,095","4,572",4
BlackRock,76,75,75,BlackRock,absent,$103.76 B,$692.83,1364742,BLK,BlackRock Inc.,,non_tech,https://www.sec.gov//Archives/edgar/data/1364742/000095017023004343/0000950170-23-004343-index.htm,https://www.sec.gov//ix?doc=/Archives/edgar/data/1364742/000095017023004343/blk-20221231.htm,0,,,,,,,708,708,,708,734,622,,above_ten,above_ten,20,20,,20,25,,"4,994","4,994",,"4,994","6,205","5,286",14
Charles Schwab,77,76,76,Charles Schwab,absent,$103.17 B,$56.69,316709,SCHW,SCHWAB CHARLES CORP,,non_tech,https://www.sec.gov//Archives/edgar/data/316709/000031670923000009/0000316709-23-000009-index.htm,https://www.sec.gov//ix?doc=/Archives/edgar/data/316709/000031670923000009/schw-20221231.htm,-1,-88,,-88,-60,-49,,366,366,,366,254,204,,above_ten,above_ten,23.5,23.5,,23.5,24.1,23,"7,183","7,183",,"7,183","5,855","3,299",5
Mondelez,78,77,77,Mondelez,absent,$99.71 B,$73.22,1103982,MDLZ,"Mondelez International, Inc.",,non_tech,https://www.sec.gov//Archives/edgar/data/1103982/000110398223000006/0001103982-23-000006-index.htm,https://www.sec.gov//ix?doc=/Archives/edgar/data/1103982/000110398223000006/mdlz-20221231.htm,0,3,,3,4,5,,120,120,,120,121,126,,above_ten,above_ten,26.8,26.8,,26.8,27.2,36,"2,984","2,984",,"2,984","2,614","2,078",4
Booking Holdings (Booking.com),79,78,78,Booking Holdings (Booking.com),absent,$98.76 B,"$2,674",1018724,,,,tech,https://www.sec.gov//Archives/edgar/data/1018724/000101872423000004/0001018724-23-000004-index.htm,https://www.sec.gov/ix?doc=/Archives/edgar/data/1075531/000107553123000016/bkng-20221231.htm,1,40,,40,37,30,,404,404,,404,376,255,,,,,unclear,,unclear,unclear,unclear,"3,058","3,058",,"3,058","1,165",59,13
TJX Companies,80,79,79,TJX Companies,absent,$97.34 B,$84.70,109198,TJX,TJX COMPANIES INC /DE/,,non_tech,https://www.sec.gov//Archives/edgar/data/109198/000010919823000004/0000109198-23-000004-index.htm,https://www.sec.gov//ix?doc=/Archives/edgar/data/109198/000010919823000004/tjx-20230128.htm,,,,,,,122,189,189,,189,59,,,above_ten,above_ten,24.5,24.5,24.5,25.4,,,"3,498","3,498",,"3,498",,90,5
Gilead Sciences,81,80,80,Gilead Sciences,absent,$96.76 B,$77.24,882095,GILD,"GILEAD SCIENCES, INC.",,non_tech,,https://www.sec.gov/ix?doc=/Archives/edgar/data/882095/000088209523000007/gild-20221231.htm,,,,,,,,637,637,,637,635,643,,above_ten,above_ten,21.5,21.5,,21.5,25.1,,"4,566","4,566",,"4,566","6,201",89,14
Analog Devices,82,81,81,Analog Devices,absent,$95.26 B,$190.00,6281,ADI,ANALOG DEVICES INC,,tech,https://www.sec.gov//Archives/edgar/data/6281/000000628122000250/0000006281-22-000250-index.htm,https://www.sec.gov//ix?doc=/Archives/edgar/data/6281/000000628122000250/adi-20221029.htm,,,,,,,,323,323,,323,243.611,149.518,,above_ten,above_ten,11.3,11.3,,11.3,-4.6,,"2,749","2,749",,"2,749","1,390","1,221",12
American Tower,83,82,82,American Tower,absent,$92.44 B,$198.36,1053507,AMT,AMERICAN TOWER CORP /MA/,,non_tech_unsure,https://www.sec.gov//Archives/edgar/data/1053507/000105350723000023/0001053507-23-000023-index.htm,https://www.sec.gov//ix?doc=/Archives/edgar/data/1053507/000105350723000023/amt-20221231.htm,,,,,,,,169.3,169.3,,169.3,119.5,120.8,,low,low,1.4,1.4,,1.4,9.3,,"1,696.70","1,696.70",,"1,696.70","2,567.60","1,691.50",10
Marsh & McLennan Companies,84,83,83,Marsh & McLennan Companies,absent,$92.03 B,$186.03,62709,MMC,"MARSH & MCLENNAN COMPANIES, INC.",,non_tech,https://www.sec.gov//Archives/edgar/data/62709/000006270923000014/0000062709-23-000014-index.htm,https://www.sec.gov//ix?doc=/Archives/edgar/data/62709/000006270923000014/mmc-20221231.htm,,,,,,,,,unclear,,unclear,unclear,unclear,,above_ten,above_ten,24.4,24.4,,24.4,24.6,,"3,087","3,087",,"3,087","3,174","2,046",
Automatic Data Processing,85,84,84,Automatic Data Processing,absent,$91.20 B,$219.70,8670,ADP,AUTOMATIC DATA PROCESSING INC,,tech,https://www.sec.gov//Archives/edgar/data/8670/000000867022000038/0000008670-22-000038-index.htm,https://www.sec.gov//ix?doc=/Archives/edgar/data/8670/000000867022000038/adp-20220630.htm,2,49.1,,49.1,43,32.2,,201.7,201.7,,201.7,175.3,130.8,,above_ten,above_ten,22.5,22.5,,22.5,22.7,,"2,948.90","2,948.90",,"2,948.90","2,598.50","2,466.50",7
Citigroup,86,85,85,Citigroup,absent,$91.10 B,$46.80,831001,C,CITIGROUP INC,,non_tech,https://www.sec.gov//Archives/edgar/data/831001/000083100123000037/0000831001-23-000037-index.htm,https://www.sec.gov//ix?doc=/Archives/edgar/data/831001/000083100123000037/c-20221231.htm,,,,,,,,,unclear,,unclear,unclear,unclear,,above_ten,above_ten,19.4,19.4,,19.4,19.8,,"14,845","14,845",,"14,845","21,952","11,047",
Vertex Pharmaceuticals,87,86,86,Vertex Pharmaceuticals,absent,$89.71 B,$348.32,875320,VRTX,VERTEX PHARMACEUTICALS INC / MA,,non_tech,https://www.sec.gov//Archives/edgar/data/875320/000087532023000007/0000875320-23-000007-index.htm,https://www.sec.gov//ix?doc=/Archives/edgar/data/875320/000087532023000007/vrtx-20221231.htm,,,,,,,,84,84,,84,77.3,85.6,,above_ten,above_ten,21.5,21.5,,21.5,14.2,,"3,322.00","3,322.00",,"3,322.00","2,342.10","2,711.70",3
CVS Health,88,87,87,CVS Health,absent,$89.21 B,$69.59,64803,CVS,CVS HEALTH Corp,,non_tech,https://www.sec.gov//Archives/edgar/data/64803/000006480323000009/0000064803-23-000009-index.htm,https://www.sec.gov//ix?doc=/Archives/edgar/data/64803/000006480323000009/cvs-20221231.htm,,,,,,,,447,447,,447,484,400,,above_ten,above_ten,26,26,,26,24.2,,"4,165","4,165",,"4,165","7,898","7,192",11
Uber,89,88,88,Uber,absent,$88.52 B,$43.66,1543151,UBER,"Uber Technologies, Inc",,tech,https://www.sec.gov//Archives/edgar/data/1543151/000154315123000010/0001543151-23-000010-index.htm,https://www.sec.gov//ix?doc=/Archives/edgar/data/1543151/000154315123000010/uber-20221231.htm,,,,,,,,"1,793","1,793",,"1,793","1,168",827,,low,low,1.9,1.9,,1.9,48,,"-6,788","-6,788",,"-6,788",-570,"-9,138",-26
Lam Research,90,89,89,Lam Research,absent,$84.44 B,$628.58,707549,LRCX,LAM RESEARCH CORP,,tech,https://www.sec.gov//Archives/edgar/data/707549/000070754922000107/0000707549-22-000107-index.htm,https://www.sec.gov//ix?doc=/Archives/edgar/data/707549/000070754922000107/lrcx-20220626.htm,,,,,,,,0,0,,0,0,0,,above_ten,above_ten,11.3,11.3,,11.3,10.6,13,5,5,,5,4,2,6
HCA Healthcare,91,90,90,HCA Healthcare,absent,$83.70 B,$298.35,860730,HCA,"HCA Healthcare, Inc.",,non_tech,https://www.sec.gov//Archives/edgar/data/860730/000095017023003234/0000950170-23-003234-index.htm,https://www.sec.gov//ix?doc=/Archives/edgar/data/860730/000095017023003234/hca-20221231.htm,,,,,,,,341,341,,341,440,362,,above_ten,above_ten,23.6,23.6,,23.6,23.3,,"6,834","6,834",,"6,834","7,721","4,387",5
Cigna,92,91,91,Cigna,absent,$83.06 B,$280.75,1739940,CI,Cigna Group,,non_tech,https://www.sec.gov//Archives/edgar/data/1739940/000173994023000008/0001739940-23-000008-index.htm,https://www.sec.gov//ix?doc=/Archives/edgar/data/1739940/000173994023000008/ci-20221231.htm,,,,,,,,264,264,,264,268,289,,above_ten,above_ten,19.2,19.2,,19.2,20.2,22,"6,746","6,746",,"6,746","5,415","8,489",4
Airbnb,93,92,92,Airbnb,absent,$82.99 B,$131.69,1559720,ABNB,"Airbnb, Inc.",,tech,,https://www.sec.gov/ix?doc=/Archives/edgar/data/1559720/000155972023000003/abnb-20221231.htm,2,39.9,,39.9,35.6,19,,930,930,,930,899,"3,003",,low,low,5,5,,5,-17,,"1,893","1,893",,"1,893",-352,,49
Altria Group,94,93,93,Altria Group,absent,$82.07 B,$45.98,764180,MO,"ALTRIA GROUP, INC.",,non_tech,https://www.sec.gov//Archives/edgar/data/764180/000076418023000020/0000764180-23-000020-index.htm,https://www.sec.gov//ix?doc=/Archives/edgar/data/764180/000076418023000020/mo-20221231.htm,,,,,,,,,unclear,,unclear,unclear,unclear,,above_ten,above_ten,22,22,,22,35.3,35,"5,764","5,764",,"5,764","2,475","4,454",
Palo Alto Networks,95,94,94,Palo Alto Networks,absent,$78.87 B,$257.88,1327567,PANW,Palo Alto Networks Inc,,tech,https://www.sec.gov//Archives/edgar/data/1327567/000132756722000028/0001327567-22-000028-index.htm,https://www.sec.gov//ix?doc=/Archives/edgar/data/1327567/000132756722000028/panw-20220731.htm,,,,,,,,"1,013.40","1,013.40",,"1,013.40",926.9,664.5,,low,low,-28.9,-28.9,,-28.9,-7.3,-15.2,-267,-267,,-267,-499,-267,-380
Regeneron Pharmaceuticals,96,95,95,Regeneron Pharmaceuticals,absent,$78.75 B,$717.83,872589,REGN,"REGENERON PHARMACEUTICALS, INC.",,tech,https://www.sec.gov//Archives/edgar/data/872589/000180422023000008/0001804220-23-000008-index.htm,https://www.sec.gov//ix?doc=/Archives/edgar/data/872589/000180422023000008/regn-20221231.htm,,,,,,,,725,725,,725,601.7,432,,above_ten,above_ten,10.7,10.7,,10.7,13.4,7.80,"4,338.40","4,338.40",,"4,338.40","8,075.30","3,513.20",17
Zoetis,97,96,96,Zoetis,absent,$78.25 B,$169.35,1555280,ZTS,Zoetis Inc.,,non_tech,https://www.sec.gov//Archives/edgar/data/1555280/000155528023000074/0001555280-23-000074-index.htm,https://www.sec.gov//ix?doc=/Archives/edgar/data/1555280/000155528023000074/zts-20221231.htm,0,-8,,-8,-7,-7,,62,62,,62,58,59,,above_ten,above_ten,20.5,20.5,,20.5,18.2,18,"2,114","2,114",,"2,114","2,037","1,638",3
Southern Company,98,97,97,Southern Company,absent,$78.15 B,$71.68,72971,WFC,WELLS FARGO & COMPANY/MN,,non_tech,,https://www.sec.gov/ix?doc=/Archives/edgar/data/72971/000007297123000071/wfc-20221231.htm,,,,,,,,,unclear,,unclear,unclear,unclear,,,,,unclear,,unclear,unclear,unclear,,unclear,,unclear,unclear,unclear,
Fiserv,99,98,98,Fiserv,absent,$77.10 B,$124.90,798354,FI,FISERV INC,,tech,https://www.sec.gov//Archives/edgar/data/798354/000079835423000004/0000798354-23-000004-index.htm,https://www.sec.gov//ix?doc=/Archives/edgar/data/798354/000079835423000004/fisv-20221231.htm,,,,,,,,323,323,,323,239,369,,above_ten,above_ten,18.9,18.9,,18.9,21.8,17,"2,582","2,582",,"2,582","1,403",975,13
Progressive,100,99,99,Progressive,absent,$76.93 B,$131.43,80661,PGR,PROGRESSIVE CORP/OH/,,non_tech,https://www.sec.gov//Archives/edgar/data/80661/000008066123000006/0000080661-23-000006-index.htm,https://www.sec.gov//ix?doc=/Archives/edgar/data/80661/000008066123000006/pgr-20221231.htm,,,,,,,,,unclear,,unclear,unclear,unclear,,,,,unclear,,unclear,unclear,unclear,721.5,721.5,,721.50,"3,350.90","5,704.60",